mtllib 1D.SHP_posed.mtl
usemtl mat0
v -31.72043228149414 79.71846771240234 -8.581665992736825
v -48.682594299316406 79.28071594238281 15.833357810974112
v -58.79155731201172 73.63728332519531 -24.303415298461925
v -27.513214111328125 67.90314483642578 -24.90352630615235
v -31.72043228149414 79.71846771240234 -8.581665992736825
v -58.79155731201172 73.63728332519531 -24.303415298461925
v -27.513214111328125 67.90314483642578 -24.90352630615235
v -58.79155731201172 73.63728332519531 -24.303415298461925
v -34.44105529785156 48.03266906738281 -27.832855224609382
v -58.38778305053711 42.005157470703125 21.712514877319332
v -47.75062561035156 34.68617248535156 -3.5691719055175826
v -74.65435791015625 55.42710876464844 -3.6210277080535955
v -48.682594299316406 79.28071594238281 15.833357810974112
v -58.38778305053711 42.005157470703125 21.712514877319332
v -74.65435791015625 55.42710876464844 -3.6210277080535955
v -48.682594299316406 79.28071594238281 15.833357810974112
v -74.65435791015625 55.42710876464844 -3.6210277080535955
v -58.79155731201172 73.63728332519531 -24.303415298461925
v -118.64436340332031 -47.38539123535156 -18.512025833129876
v -135.1106414794922 -25.68060684204102 -30.790622711181637
v -131.4333953857422 -39.92416000366211 -8.777012825012202
v -135.1106414794922 -25.68060684204102 -30.790622711181637
v -118.64436340332031 -47.38539123535156 -18.512025833129876
v -114.58190155029297 -37.489513397216804 -39.04414749145507
v -95.4454345703125 -35.73189926147461 -18.435743331909176
v -109.85670471191406 -49.30670928955078 1.4901131391525329
v -106.51158905029297 -24.28348731994629 -1.2754976749420137
v -128.2097625732422 -16.673583984375 -5.310209751129149
v -106.51158905029297 -24.28348731994629 -1.2754976749420137
v -123.16181182861328 -46.39676284790039 11.364640235900884
v -123.16181182861328 -46.39676284790039 11.364640235900884
v -106.51158905029297 -24.28348731994629 -1.2754976749420137
v -109.85670471191406 -49.30670928955078 1.4901131391525329
v -82.68607330322266 13.401983261108397 -19.685195922851562
v -106.51158905029297 -24.28348731994629 -1.2754976749420137
v -97.32014465332031 21.191221237182614 -15.422372817993166
v -109.85670471191406 -49.30670928955078 1.4901131391525329
v -118.64436340332031 -47.38539123535156 -18.512025833129876
v -130.53211975097656 -89.12744903564453 20.408903121948253
v -111.61282348632812 -44.4383316040039 40.495658874511726
v -105.82254791259766 -36.779048919677734 16.959541320800785
v -101.5261459350586 -53.68080520629882 40.15072250366212
v -109.85670471191406 -49.30670928955078 1.4901131391525329
v -105.82254791259766 -36.779048919677734 16.959541320800785
v -123.16181182861328 -46.39676284790039 11.364640235900884
v -101.5261459350586 -53.68080520629882 40.15072250366212
v -123.08289337158203 -55.94924926757812 45.02019882202149
v -111.61282348632812 -44.4383316040039 40.495658874511726
v -111.61282348632812 -44.4383316040039 40.495658874511726
v -123.08289337158203 -55.94924926757812 45.02019882202149
v -123.16181182861328 -46.39676284790039 11.364640235900884
v -111.64937591552734 -75.34307098388672 25.406488418579112
v -105.82254791259766 -36.779048919677734 16.959541320800785
v -109.85670471191406 -49.30670928955078 1.4901131391525329
v -111.64937591552734 -75.34307098388672 25.406488418579112
v -101.5261459350586 -53.68080520629882 40.15072250366212
v -105.82254791259766 -36.779048919677734 16.959541320800785
v -123.16181182861328 -46.39676284790039 11.364640235900884
v -105.82254791259766 -36.779048919677734 16.959541320800785
v -111.61282348632812 -44.4383316040039 40.495658874511726
v -109.85670471191406 -49.30670928955078 1.4901131391525329
v -130.53211975097656 -89.12744903564453 20.408903121948253
v -111.64937591552734 -75.34307098388672 25.406488418579112
v -135.4736328125 -50.182258605957024 37.4205665588379
v -123.16181182861328 -46.39676284790039 11.364640235900884
v -123.08289337158203 -55.94924926757812 45.02019882202149
v -82.68607330322266 13.401983261108397 -19.685195922851562
v -47.75062561035156 34.68617248535156 -3.5691719055175826
v -34.44105529785156 48.03266906738281 -27.832855224609382
v -34.44105529785156 48.03266906738281 -27.832855224609382
v -58.79155731201172 73.63728332519531 -24.303415298461925
v -102.77119445800781 24.03273773193359 -38.32345962524414
v -58.79155731201172 73.63728332519531 -24.303415298461925
v -97.32014465332031 21.191221237182614 -15.422372817993166
v -102.77119445800781 24.03273773193359 -38.32345962524414
v -97.32014465332031 21.191221237182614 -15.422372817993166
v -58.79155731201172 73.63728332519531 -24.303415298461925
v -74.65435791015625 55.42710876464844 -3.6210277080535955
v -74.65435791015625 55.42710876464844 -3.6210277080535955
v -82.68607330322266 13.401983261108397 -19.685195922851562
v -97.32014465332031 21.191221237182614 -15.422372817993166
v -82.68607330322266 13.401983261108397 -19.685195922851562
v -74.65435791015625 55.42710876464844 -3.6210277080535955
v -47.75062561035156 34.68617248535156 -3.5691719055175826
v -88.55036926269531 16.52767372131347 -44.19219970703125
v -82.68607330322266 13.401983261108397 -19.685195922851562
v -34.44105529785156 48.03266906738281 -27.832855224609382
v -34.44105529785156 48.03266906738281 -27.832855224609382
v -102.77119445800781 24.03273773193359 -38.32345962524414
v -88.55036926269531 16.52767372131347 -44.19219970703125
v -88.55036926269531 16.52767372131347 -44.19219970703125
v -78.93179321289062 -2.6197853088378946 -31.159250259399414
v -82.68607330322266 13.401983261108397 -19.685195922851562
v -88.55036926269531 16.52767372131347 -44.19219970703125
v -103.93914794921875 -13.98307609558106 -49.9610595703125
v -78.93179321289062 -2.6197853088378946 -31.159250259399414
v -113.60157012939453 18.246585845947262 -16.27298736572266
v -124.46788024902344 -2.174167871475225 -41.70753479003906
v -102.77119445800781 24.03273773193359 -38.32345962524414
v -118.64436340332031 -47.38539123535156 -18.512025833129876
v -109.85670471191406 -49.30670928955078 1.4901131391525329
v -95.4454345703125 -35.73189926147461 -18.435743331909176
v -114.58190155029297 -37.489513397216804 -39.04414749145507
v -118.64436340332031 -47.38539123535156 -18.512025833129876
v -95.4454345703125 -35.73189926147461 -18.435743331909176
v -131.4333953857422 -39.92416000366211 -8.777012825012202
v -135.1106414794922 -25.68060684204102 -30.790622711181637
v -128.2097625732422 -16.673583984375 -5.310209751129149
v -128.2097625732422 -16.673583984375 -5.310209751129149
v -123.16181182861328 -46.39676284790039 11.364640235900884
v -131.4333953857422 -39.92416000366211 -8.777012825012202
v -113.60157012939453 18.246585845947262 -16.27298736572266
v -102.77119445800781 24.03273773193359 -38.32345962524414
v -97.32014465332031 21.191221237182614 -15.422372817993166
v -118.64436340332031 -47.38539123535156 -18.512025833129876
v -131.4333953857422 -39.92416000366211 -8.777012825012202
v -146.91404724121094 -70.8971176147461 15.499894142150888
v -118.64436340332031 -47.38539123535156 -18.512025833129876
v -146.91404724121094 -70.8971176147461 15.499894142150888
v -130.53211975097656 -89.12744903564453 20.408903121948253
v 42.221778869628906 69.00953674316406 37.29247665405273
v 66.44989013671875 55.83142852783204 53.825359344482415
v 28.16217613220215 69.11840820312501 64.75728607177733
v 50.81770324707031 54.295692443847656 21.390150070190423
v 66.44989013671875 55.83142852783204 53.825359344482415
v 42.221778869628906 69.00953674316406 37.29247665405273
v 50.81770324707031 54.295692443847656 21.390150070190423
v 53.717552185058594 35.37092590332031 26.416320800781246
v 66.44989013671875 55.83142852783204 53.825359344482415
v 38.32493591308594 26.254451751708988 40.24802017211914
v 53.717552185058594 35.37092590332031 26.416320800781246
v 50.81770324707031 54.295692443847656 21.390150070190423
v 38.32493591308594 26.254451751708988 40.24802017211914
v 35.349143981933594 23.152233123779304 48.010414123535156
v 53.717552185058594 35.37092590332031 26.416320800781246
v 18.24028968811035 28.693521499633796 66.99980926513672
v 35.349143981933594 23.152233123779304 48.010414123535156
v 38.32493591308594 26.254451751708988 40.24802017211914
v 18.24028968811035 28.693521499633796 66.99980926513672
v 50.90552520751953 36.64768600463868 73.83427429199219
v 35.349143981933594 23.152233123779304 48.010414123535156
v 28.16217613220215 69.11840820312501 64.75728607177733
v 50.90552520751953 36.64768600463868 73.83427429199219
v 18.24028968811035 28.693521499633796 66.99980926513672
v 28.16217613220215 69.11840820312501 64.75728607177733
v 66.44989013671875 55.83142852783204 53.825359344482415
v 50.90552520751953 36.64768600463868 73.83427429199219
v 92.73075866699219 -59.70887756347655 90.44329071044923
v 102.29911041259766 -49.7599639892578 103.03160858154297
v 116.8106460571289 -44.30504608154296 81.73233795166016
v 116.8106460571289 -44.30504608154296 81.73233795166016
v 99.5601806640625 -56.82002639770507 68.51127624511719
v 92.73075866699219 -59.70887756347655 90.44329071044923
v 75.1268310546875 -46.65336608886718 77.3797836303711
v 80.23379516601562 -30.96384811401366 93.9857406616211
v 77.00005340576172 -53.872802734374986 104.46060180664062
v 102.72115325927734 -26.495603561401357 98.38496398925781
v 85.36003875732422 -48.75750350952147 118.13335418701172
v 80.23379516601562 -30.96384811401366 93.9857406616211
v 85.36003875732422 -48.75750350952147 118.13335418701172
v 77.00005340576172 -53.872802734374986 104.46060180664062
v 80.23379516601562 -30.96384811401366 93.9857406616211
v 75.64169311523438 -3.48302769660949 59.75149154663086
v 88.65875244140625 4.457324981689461 67.53011322021484
v 80.23379516601562 -30.96384811401366 93.9857406616211
v 77.00005340576172 -53.872802734374986 104.46060180664062
v 88.21134185791016 -92.84964752197264 136.04135131835938
v 92.73075866699219 -59.70887756347655 90.44329071044923
v 56.937862396240234 -50.714469909667955 136.40316772460938
v 49.41443634033203 -61.39298629760741 132.3226318359375
v 64.38221740722656 -45.34119796752928 112.84790802001953
v 77.00005340576172 -53.872802734374986 104.46060180664062
v 85.36003875732422 -48.75750350952147 118.13335418701172
v 64.38221740722656 -45.34119796752928 112.84790802001953
v 49.41443634033203 -61.39298629760741 132.3226318359375
v 56.937862396240234 -50.714469909667955 136.40316772460938
v 65.99864196777344 -59.38791275024412 148.244140625
v 56.937862396240234 -50.714469909667955 136.40316772460938
v 85.36003875732422 -48.75750350952147 118.13335418701172
v 65.99864196777344 -59.38791275024412 148.244140625
v 68.3614730834961 -81.77690124511717 128.6305389404297
v 77.00005340576172 -53.872802734374986 104.46060180664062
v 64.38221740722656 -45.34119796752928 112.84790802001953
v 68.3614730834961 -81.77690124511717 128.6305389404297
v 64.38221740722656 -45.34119796752928 112.84790802001953
v 49.41443634033203 -61.39298629760741 132.3226318359375
v 85.36003875732422 -48.75750350952147 118.13335418701172
v 56.937862396240234 -50.714469909667955 136.40316772460938
v 64.38221740722656 -45.34119796752928 112.84790802001953
v 77.00005340576172 -53.872802734374986 104.46060180664062
v 68.3614730834961 -81.77690124511717 128.6305389404297
v 88.21134185791016 -92.84964752197264 136.04135131835938
v 79.95457458496094 -52.39976119995115 147.2741241455078
v 65.99864196777344 -59.38791275024412 148.244140625
v 85.36003875732422 -48.75750350952147 118.13335418701172
v 75.64169311523438 -3.48302769660949 59.75149154663086
v 53.717552185058594 35.37092590332031 26.416320800781246
v 35.349143981933594 23.152233123779304 48.010414123535156
v 53.717552185058594 35.37092590332031 26.416320800781246
v 101.920654296875 2.743366241455084 48.00201416015625
v 66.44989013671875 55.83142852783204 53.825359344482415
v 66.44989013671875 55.83142852783204 53.825359344482415
v 101.920654296875 2.743366241455084 48.00201416015625
v 88.65875244140625 4.457324981689461 67.53011322021484
v 88.65875244140625 4.457324981689461 67.53011322021484
v 50.90552520751953 36.64768600463868 73.83427429199219
v 66.44989013671875 55.83142852783204 53.825359344482415
v 50.90552520751953 36.64768600463868 73.83427429199219
v 88.65875244140625 4.457324981689461 67.53011322021484
v 75.64169311523438 -3.48302769660949 59.75149154663086
v 75.64169311523438 -3.48302769660949 59.75149154663086
v 35.349143981933594 23.152233123779304 48.010414123535156
v 50.90552520751953 36.64768600463868 73.83427429199219
v 89.48233032226562 -5.892803668975826 38.06698989868164
v 53.717552185058594 35.37092590332031 26.416320800781246
v 75.64169311523438 -3.48302769660949 59.75149154663086
v 53.717552185058594 35.37092590332031 26.416320800781246
v 89.48233032226562 -5.892803668975826 38.06698989868164
v 101.920654296875 2.743366241455084 48.00201416015625
v 89.48233032226562 -5.892803668975826 38.06698989868164
v 75.64169311523438 -3.48302769660949 59.75149154663086
v 72.38520050048828 -18.523521423339837 50.320682525634766
v 89.48233032226562 -5.892803668975826 38.06698989868164
v 72.38520050048828 -18.523521423339837 50.320682525634766
v 100.03583526611328 -36.98090744018554 48.65723419189454
v 101.31634521484375 3.792017936706552 73.21183776855469
v 101.920654296875 2.743366241455084 48.00201416015625
v 116.5988540649414 -25.020040512084954 61.40885925292969
v 92.73075866699219 -59.70887756347655 90.44329071044923
v 75.1268310546875 -46.65336608886718 77.3797836303711
v 77.00005340576172 -53.872802734374986 104.46060180664062
v 99.5601806640625 -56.82002639770507 68.51127624511719
v 75.1268310546875 -46.65336608886718 77.3797836303711
v 92.73075866699219 -59.70887756347655 90.44329071044923
v 102.29911041259766 -49.7599639892578 103.03160858154297
v 102.72115325927734 -26.495603561401357 98.38496398925781
v 116.8106460571289 -44.30504608154296 81.73233795166016
v 102.72115325927734 -26.495603561401357 98.38496398925781
v 102.29911041259766 -49.7599639892578 103.03160858154297
v 85.36003875732422 -48.75750350952147 118.13335418701172
v 101.31634521484375 3.792017936706552 73.21183776855469
v 88.65875244140625 4.457324981689461 67.53011322021484
v 101.920654296875 2.743366241455084 48.00201416015625
v 103.0095443725586 -72.76194763183592 137.56056213378906
v 102.29911041259766 -49.7599639892578 103.03160858154297
v 92.73075866699219 -59.70887756347655 90.44329071044923
v 103.0095443725586 -72.76194763183592 137.56056213378906
v 92.73075866699219 -59.70887756347655 90.44329071044923
v 88.21134185791016 -92.84964752197264 136.04135131835938
v 7.292055606842041 80.61982727050781 47.130352020263665
v 2.714647054672241 65.59671020507814 70.33279418945311
v 11.290600776672363 87.09471130371094 35.35875320434569
v 9.240751266479492 93.73616027832031 14.176464080810536
v 11.290600776672363 87.09471130371094 35.35875320434569
v 19.21732521057129 89.51029205322266 34.782531738281236
v -44.725284576416016 91.87710571289062 13.717375755310048
v -54.73613357543945 86.96270751953125 34.15341186523437
v -46.67292022705078 85.09795379638672 34.86565780639648
v -17.75013542175293 95.66942596435547 3.279006958007801
v -44.725284576416016 91.87710571289062 13.717375755310048
v 9.240751266479492 93.73616027832031 14.176464080810536
v -4.589955806732178 93.80902099609376 110.56996154785155
v 8.38363265991211 99.81142425537111 90.32997131347655
v 12.992090225219727 87.26689910888673 69.89967346191405
v -5.862307548522949 102.33525848388673 107.98452758789061
v -32.8453254699707 101.40573120117189 107.75498199462889
v -19.379722595214844 116.99990844726564 108.46149444580077
v -32.8453254699707 101.40573120117189 107.75498199462889
v -33.33304214477539 115.70394897460939 107.18661499023436
v -19.379722595214844 116.99990844726564 108.46149444580077
v -18.65939712524414 94.78427124023439 113.74796295166014
v -36.338653564453125 57.69569015502931 107.27642059326172
v -32.57234573364258 92.84506988525392 110.33191680908202
v -29.630008697509766 136.5364227294922 58.03078460693358
v -48.89173889160156 110.59872436523439 74.80044555664061
v -44.1099853515625 119.88341522216798 63.227661132812486
v 1.6374467611312866 59.003913879394545 107.59948730468749
v -36.338653564453125 57.69569015502931 107.27642059326172
v -18.65939712524414 94.78427124023439 113.74796295166014
v -50.004024505615234 89.45771026611328 55.910758972167955
v -46.67292022705078 85.09795379638672 34.86565780639648
v -54.73613357543945 86.96270751953125 34.15341186523437
v -49.968284606933594 85.09799957275392 69.36407470703124
v -50.004024505615234 89.45771026611328 55.910758972167955
v -48.89173889160156 110.59872436523439 74.80044555664061
v -32.57234573364258 92.84506988525392 110.33191680908202
v -49.968284606933594 85.09799957275392 69.36407470703124
v -45.58240509033203 97.95236968994142 89.87088012695311
v -39.7041015625 134.10365295410156 75.85195922851561
v -48.89173889160156 110.59872436523439 74.80044555664061
v -19.820297241210938 137.9170684814453 75.54830169677733
v -29.630008697509766 136.5364227294922 58.03078460693358
v -44.1099853515625 119.88341522216798 63.227661132812486
v -19.464435577392578 131.6156463623047 59.23372650146483
v -39.7041015625 134.10365295410156 75.85195922851561
v -19.69594383239746 129.4080810546875 95.38719177246092
v -45.1768684387207 115.23915863037111 89.82263183593749
v -19.379722595214844 116.99990844726564 108.46149444580077
v -27.73378562927246 129.6051788330078 98.44566345214842
v -12.743220329284668 130.12158203125 98.57318115234374
v -27.73378562927246 129.6051788330078 98.44566345214842
v -45.1768684387207 115.23915863037111 89.82263183593749
v -19.69594383239746 129.4080810546875 95.38719177246092
v -19.69594383239746 129.4080810546875 95.38719177246092
v -12.743220329284668 130.12158203125 98.57318115234374
v -27.73378562927246 129.6051788330078 98.44566345214842
v -48.89173889160156 110.59872436523439 74.80044555664061
v -39.7041015625 134.10365295410156 75.85195922851561
v -45.1768684387207 115.23915863037111 89.82263183593749
v -32.8453254699707 101.40573120117189 107.75498199462889
v -18.6976375579834 98.97325134277345 101.2799606323242
v -45.58240509033203 97.95236968994142 89.87088012695311
v -49.968284606933594 85.09799957275392 69.36407470703124
v -51.509681701660156 72.05711364746095 68.11534881591795
v -17.38420867919922 66.25524139404298 79.37547302246092
v -17.38420867919922 66.25524139404298 79.37547302246092
v -51.509681701660156 72.05711364746095 68.11534881591795
v -36.338653564453125 57.69569015502931 107.27642059326172
v -36.338653564453125 57.69569015502931 107.27642059326172
v 1.6374467611312866 59.003913879394545 107.59948730468749
v -17.38420867919922 66.25524139404298 79.37547302246092
v -33.33304214477539 115.70394897460939 107.18661499023436
v -45.1768684387207 115.23915863037111 89.82263183593749
v -19.379722595214844 116.99990844726564 108.46149444580077
v -19.379722595214844 116.99990844726564 108.46149444580077
v -45.1768684387207 115.23915863037111 89.82263183593749
v -27.73378562927246 129.6051788330078 98.44566345214842
v -44.1099853515625 119.88341522216798 63.227661132812486
v -37.119754791259766 123.15792846679688 51.633945465087876
v -19.464435577392578 131.6156463623047 59.23372650146483
v -50.004024505615234 89.45771026611328 55.910758972167955
v -44.1099853515625 119.88341522216798 63.227661132812486
v -48.89173889160156 110.59872436523439 74.80044555664061
v -18.65939712524414 94.78427124023439 113.74796295166014
v -4.589955806732178 93.80902099609376 110.56996154785155
v 1.6374467611312866 59.003913879394545 107.59948730468749
v -9.642587661743164 137.22496032714844 58.20081710815428
v 5.8585662841796875 121.60475921630861 63.65274047851561
v 10.071154594421387 112.62991333007814 75.30204772949217
v 12.956351280212402 91.6266098022461 56.44636154174803
v 19.21732521057129 89.51029205322266 34.782531738281236
v 11.290600776672363 87.09471130371094 35.35875320434569
v 12.992090225219727 87.26689910888673 69.89967346191405
v 10.071154594421387 112.62991333007814 75.30204772949217
v 12.956351280212402 91.6266098022461 56.44636154174803
v -19.820297241210938 137.9170684814453 75.54830169677733
v 10.071154594421387 112.62991333007814 75.30204772949217
v -0.7286297082901001 135.44630432128906 76.1835250854492
v -19.464435577392578 131.6156463623047 59.23372650146483
v 5.8585662841796875 121.60475921630861 63.65274047851561
v -9.642587661743164 137.22496032714844 58.20081710815428
v -0.7286297082901001 135.44630432128906 76.1835250854492
v 6.790424823760986 117.02935791015626 90.26471710205077
v -19.69594383239746 129.4080810546875 95.38719177246092
v -19.69594383239746 129.4080810546875 95.38719177246092
v 6.790424823760986 117.02935791015626 90.26471710205077
v -12.743220329284668 130.12158203125 98.57318115234374
v 10.071154594421387 112.62991333007814 75.30204772949217
v 6.790424823760986 117.02935791015626 90.26471710205077
v -0.7286297082901001 135.44630432128906 76.1835250854492
v -5.862307548522949 102.33525848388673 107.98452758789061
v 8.38363265991211 99.81142425537111 90.32997131347655
v -18.6976375579834 98.97325134277345 101.2799606323242
v -5.862307548522949 102.33525848388673 107.98452758789061
v -18.6976375579834 98.97325134277345 101.2799606323242
v -32.8453254699707 101.40573120117189 107.75498199462889
v 12.992090225219727 87.26689910888673 69.89967346191405
v -17.38420867919922 66.25524139404298 79.37547302246092
v 15.4481782913208 74.3637161254883 68.68495941162108
v 1.6374467611312866 59.003913879394545 107.59948730468749
v 15.4481782913208 74.3637161254883 68.68495941162108
v -17.38420867919922 66.25524139404298 79.37547302246092
v -5.350654602050781 116.66790008544923 107.42465972900389
v -19.379722595214844 116.99990844726564 108.46149444580077
v 6.790424823760986 117.02935791015626 90.26471710205077
v -19.379722595214844 116.99990844726564 108.46149444580077
v -12.743220329284668 130.12158203125 98.57318115234374
v 6.790424823760986 117.02935791015626 90.26471710205077
v -5.862307548522949 102.33525848388673 107.98452758789061
v -19.379722595214844 116.99990844726564 108.46149444580077
v -5.350654602050781 116.66790008544923 107.42465972900389
v 5.8585662841796875 121.60475921630861 63.65274047851561
v -19.464435577392578 131.6156463623047 59.23372650146483
v -1.1423979997634888 124.39729309082031 51.940002441406236
v 12.956351280212402 91.6266098022461 56.44636154174803
v 10.071154594421387 112.62991333007814 75.30204772949217
v 5.8585662841796875 121.60475921630861 63.65274047851561
v -45.816463470458984 74.02742004394531 41.6508445739746
v -23.359172821044922 85.9444808959961 29.01543617248534
v -46.67292022705078 85.09795379638672 34.86565780639648
v -14.791001319885254 102.35592651367188 5.4304666519164915
v -23.359172821044922 85.9444808959961 29.01543617248534
v -45.816463470458984 74.02742004394531 41.6508445739746
v 2.714647054672241 65.59671020507814 70.33279418945311
v 7.292055606842041 80.61982727050781 47.130352020263665
v 27.780149459838867 94.9605712890625 30.590072631835927
v -45.11452102661133 40.74934387207031 -9.064806938171392
v -27.513214111328125 67.90314483642578 -24.90352630615235
v -34.44105529785156 48.03266906738281 -27.832855224609382
v -45.11452102661133 40.74934387207031 -9.064806938171392
v -34.44105529785156 48.03266906738281 -27.832855224609382
v -47.75062561035156 34.68617248535156 -3.5691719055175826
v -58.38778305053711 42.005157470703125 21.712514877319332
v -45.11452102661133 40.74934387207031 -9.064806938171392
v -47.75062561035156 34.68617248535156 -3.5691719055175826
v -14.293220520019531 -51.15312194824219 28.373613357543952
v -40.31692123413086 -23.025085449218746 37.67389678955078
v -26.03289794921875 -40.6380386352539 47.625804901123054
v 4.991578102111816 14.773104667663574 -4.103597640991213
v 11.010221481323242 63.433231353759766 0.015636980533592085
v -27.513214111328125 67.90314483642578 -24.90352630615235
v -40.31692123413086 -23.025085449218746 37.67389678955078
v -28.14932632446289 -1.354780673980714 -8.413080215454102
v -58.38778305053711 42.005157470703125 21.712514877319332
v -58.38778305053711 42.005157470703125 21.712514877319332
v -27.125253677368164 51.577072143554695 61.057563781738274
v -28.347017288208008 -15.676778793334954 60.152469635009766
v -40.31692123413086 -23.025085449218746 37.67389678955078
v -28.347017288208008 -15.676778793334954 60.152469635009766
v -26.03289794921875 -40.6380386352539 47.625804901123054
v -45.11452102661133 40.74934387207031 -9.064806938171392
v -28.14932632446289 -1.354780673980714 -8.413080215454102
v -27.513214111328125 67.90314483642578 -24.90352630615235
v -22.39227294921875 88.82382202148438 10.339930534362782
v -48.682594299316406 79.28071594238281 15.833357810974112
v -31.72043228149414 79.71846771240234 -8.581665992736825
v -58.38778305053711 42.005157470703125 21.712514877319332
v -28.14932632446289 -1.354780673980714 -8.413080215454102
v -45.11452102661133 40.74934387207031 -9.064806938171392
v -58.38778305053711 42.005157470703125 21.712514877319332
v -45.816463470458984 74.02742004394531 41.6508445739746
v -27.125253677368164 51.577072143554695 61.057563781738274
v -48.682594299316406 79.28071594238281 15.833357810974112
v -45.816463470458984 74.02742004394531 41.6508445739746
v -58.38778305053711 42.005157470703125 21.712514877319332
v -40.31692123413086 -23.025085449218746 37.67389678955078
v -58.38778305053711 42.005157470703125 21.712514877319332
v -28.347017288208008 -15.676778793334954 60.152469635009766
v -27.513214111328125 67.90314483642578 -24.90352630615235
v -28.14932632446289 -1.354780673980714 -8.413080215454102
v 4.991578102111816 14.773104667663574 -4.103597640991213
v -48.682594299316406 79.28071594238281 15.833357810974112
v -22.39227294921875 88.82382202148438 10.339930534362782
v -45.816463470458984 74.02742004394531 41.6508445739746
v -14.293220520019531 -51.15312194824219 28.373613357543952
v -26.03289794921875 -40.6380386352539 47.625804901123054
v -5.744487762451172 -27.42118835449218 52.82054901123047
v 4.991578102111816 14.773104667663574 -4.103597640991213
v 50.81770324707031 54.295692443847656 21.390150070190423
v 11.010221481323242 63.433231353759766 0.015636980533592085
v -5.744487762451172 -27.42118835449218 52.82054901123047
v 18.24028968811035 28.693521499633796 66.99980926513672
v 19.530363082885742 -9.637577056884764 19.76567840576172
v 18.24028968811035 28.693521499633796 66.99980926513672
v -28.347017288208008 -15.676778793334954 60.152469635009766
v -27.125253677368164 51.577072143554695 61.057563781738274
v -5.744487762451172 -27.42118835449218 52.82054901123047
v -26.03289794921875 -40.6380386352539 47.625804901123054
v -28.347017288208008 -15.676778793334954 60.152469635009766
v 38.32493591308594 26.254451751708988 40.24802017211914
v 50.81770324707031 54.295692443847656 21.390150070190423
v 19.530363082885742 -9.637577056884764 19.76567840576172
v 23.584571838378906 80.83684539794922 37.5123062133789
v 42.221778869628906 69.00953674316406 37.29247665405273
v 28.16217613220215 69.11840820312501 64.75728607177733
v 18.24028968811035 28.693521499633796 66.99980926513672
v 38.32493591308594 26.254451751708988 40.24802017211914
v 19.530363082885742 -9.637577056884764 19.76567840576172
v 18.24028968811035 28.693521499633796 66.99980926513672
v -27.125253677368164 51.577072143554695 61.057563781738274
v 2.714647054672241 65.59671020507814 70.33279418945311
v 28.16217613220215 69.11840820312501 64.75728607177733
v 18.24028968811035 28.693521499633796 66.99980926513672
v 2.714647054672241 65.59671020507814 70.33279418945311
v -5.744487762451172 -27.42118835449218 52.82054901123047
v -28.347017288208008 -15.676778793334954 60.152469635009766
v 18.24028968811035 28.693521499633796 66.99980926513672
v 50.81770324707031 54.295692443847656 21.390150070190423
v 4.991578102111816 14.773104667663574 -4.103597640991213
v 19.530363082885742 -9.637577056884764 19.76567840576172
v 28.16217613220215 69.11840820312501 64.75728607177733
v 2.714647054672241 65.59671020507814 70.33279418945311
v 23.584571838378906 80.83684539794922 37.5123062133789
v -53.230350494384766 -111.51057434082031 -0.3327208459377152
v -44.08427047729492 -133.73214721679688 4.198907375335709
v -73.17829895019531 -117.39856719970703 19.425403594970717
v -53.230350494384766 -111.51057434082031 -0.3327208459377152
v -73.17829895019531 -117.39856719970703 19.425403594970717
v -66.08000946044922 -90.59954071044922 19.745351791381847
v -76.86003112792969 -87.62487030029297 9.748226165771495
v -83.95832061767578 -114.42389678955078 9.42827701568605
v -64.72904205322266 -108.33758544921875 -10.996322631835925
v -81.70651245117188 -189.323486328125 -20.153413772582983
v -22.92918586730957 -191.22525024414062 -36.488014221191385
v -35.33085250854492 -191.451904296875 -60.590648651123026
v -73.17829895019531 -117.39856719970703 19.425403594970717
v -44.08427047729492 -133.73214721679688 4.198907375335709
v -47.92195129394531 -171.91136169433594 -25.529672622680643
v -57.26463317871094 -169.33331298828125 -34.193851470947244
v -76.42433166503906 -124.80813598632812 -25.792472839355455
v -83.95832061767578 -114.42389678955078 9.42827701568605
v -76.42433166503906 -124.80813598632812 -25.792472839355455
v -57.26463317871094 -169.33331298828125 -34.193851470947244
v -48.35747528076172 -152.30751037597656 -38.7324752807617
v -44.08427047729492 -133.73214721679688 4.198907375335709
v -39.014793395996094 -154.88555908203125 -30.0682964324951
v -47.92195129394531 -171.91136169433594 -25.529672622680643
v -32.76753616333008 -117.63501739501953 -18.218633651733384
v -39.014793395996094 -154.88555908203125 -30.0682964324951
v -44.08427047729492 -133.73214721679688 4.198907375335709
v -76.42433166503906 -124.80813598632812 -25.792472839355455
v -48.35747528076172 -152.30751037597656 -38.7324752807617
v -51.452903747558594 -112.47891998291016 -35.54698562622069
v -76.42433166503906 -124.80813598632812 -25.792472839355455
v -64.72904205322266 -108.33758544921875 -10.996322631835925
v -83.95832061767578 -114.42389678955078 9.42827701568605
v -53.230350494384766 -111.51057434082031 -0.3327208459377152
v -32.76753616333008 -117.63501739501953 -18.218633651733384
v -44.08427047729492 -133.73214721679688 4.198907375335709
v -76.42433166503906 -124.80813598632812 -25.792472839355455
v -51.452903747558594 -112.47891998291016 -35.54698562622069
v -64.72904205322266 -108.33758544921875 -10.996322631835925
v -47.92195129394531 -171.91136169433594 -25.529672622680643
v -81.70651245117188 -189.323486328125 -20.153413772582983
v -57.26463317871094 -169.33331298828125 -34.193851470947244
v -71.76622772216797 -168.5548858642578 -3.62342095375059
v -56.52408981323242 -189.55764770507812 -1.6773239374160533
v -99.03878784179688 -188.30105590820312 4.917056083679222
v -22.92918586730957 -191.22525024414062 -36.488014221191385
v -47.92195129394531 -171.91136169433594 -25.529672622680643
v -39.014793395996094 -154.88555908203125 -30.0682964324951
v -35.33085250854492 -191.451904296875 -60.590648651123026
v -48.35747528076172 -152.30751037597656 -38.7324752807617
v -57.26463317871094 -169.33331298828125 -34.193851470947244
v -87.39563751220703 -169.87518310546875 -36.24974441528318
v -111.8997802734375 -188.53610229492188 -20.07826805114744
v -81.7867431640625 -190.01934814453125 -50.775279998779276
v -53.723079681396484 -31.238134384155273 0.02786132693291093
v -40.31692123413086 -23.025085449218746 37.67389678955078
v -14.293220520019531 -51.15312194824219 28.373613357543952
v 0.902956485748291 -72.97638702392578 -2.575072526931754
v -53.230350494384766 -111.51057434082031 -0.3327208459377152
v -66.08000946044922 -90.59954071044922 19.745351791381847
v -68.8727798461914 -77.40176391601562 -24.330806732177724
v -76.86003112792969 -87.62487030029297 9.748226165771495
v -64.72904205322266 -108.33758544921875 -10.996322631835925
v 0.902956485748291 -72.97638702392578 -2.575072526931754
v -66.08000946044922 -90.59954071044922 19.745351791381847
v -14.293220520019531 -51.15312194824219 28.373613357543952
v -53.723079681396484 -31.238134384155273 0.02786132693291093
v -76.86003112792969 -87.62487030029297 9.748226165771495
v -68.8727798461914 -77.40176391601562 -24.330806732177724
v -36.45241928100586 -91.7247085571289 -27.541540145874013
v 0.902956485748291 -72.97638702392578 -2.575072526931754
v -10.254799842834473 -38.02169799804688 -36.04833602905273
v -14.293220520019531 -51.15312194824219 28.373613357543952
v -76.86003112792969 -87.62487030029297 9.748226165771495
v -53.723079681396484 -31.238134384155273 0.02786132693291093
v -76.86003112792969 -87.62487030029297 9.748226165771495
v -14.293220520019531 -51.15312194824219 28.373613357543952
v -66.08000946044922 -90.59954071044922 19.745351791381847
v -28.14932632446289 -1.354780673980714 -8.413080215454102
v -40.31692123413086 -23.025085449218746 37.67389678955078
v -53.723079681396484 -31.238134384155273 0.02786132693291093
v -36.45241928100586 -91.7247085571289 -27.541540145874013
v -53.230350494384766 -111.51057434082031 -0.3327208459377152
v 0.902956485748291 -72.97638702392578 -2.575072526931754
v -68.8727798461914 -77.40176391601562 -24.330806732177724
v -64.72904205322266 -108.33758544921875 -10.996322631835925
v -36.45241928100586 -91.7247085571289 -27.541540145874013
v -64.72904205322266 -108.33758544921875 -10.996322631835925
v -53.230350494384766 -111.51057434082031 -0.3327208459377152
v -36.45241928100586 -91.7247085571289 -27.541540145874013
v -41.78268814086914 -33.757869720458984 -24.139842987060543
v -53.723079681396484 -31.238134384155273 0.02786132693291093
v -68.8727798461914 -77.40176391601562 -24.330806732177724
v -41.78268814086914 -33.757869720458984 -24.139842987060543
v -28.14932632446289 -1.354780673980714 -8.413080215454102
v -53.723079681396484 -31.238134384155273 0.02786132693291093
v -10.254799842834473 -38.02169799804688 -36.04833602905273
v -28.14932632446289 -1.354780673980714 -8.413080215454102
v -41.78268814086914 -33.757869720458984 -24.139842987060543
v -10.254799842834473 -38.02169799804688 -36.04833602905273
v 4.991578102111816 14.773104667663574 -4.103597640991213
v -28.14932632446289 -1.354780673980714 -8.413080215454102
v 0.902956485748291 -72.97638702392578 -2.575072526931754
v 4.991578102111816 14.773104667663574 -4.103597640991213
v -10.254799842834473 -38.02169799804688 -36.04833602905273
v 20.381160736083984 -102.56829071044922 57.86517715454103
v 13.058292388916016 -99.61087799072264 85.52267456054689
v 10.460688591003418 -125.86485290527342 60.02064132690431
v 20.381160736083984 -102.56829071044922 57.86517715454103
v 12.027348518371582 -76.24606323242186 73.48146820068361
v 13.058292388916016 -99.61087799072264 85.52267456054689
v 25.28023338317871 -73.73067474365233 77.22765350341798
v 35.527313232421875 -99.6935577392578 62.14653396606447
v 26.311176300048828 -97.09548950195311 89.26885986328126
v 43.4404182434082 -190.52520751953125 96.80041503906253
v 57.81389236450195 -192.32444763183594 37.99015426635744
v 29.76985740661621 -192.06228637695312 38.2567939758301
v 13.058292388916016 -99.61087799072264 85.52267456054689
v 32.29859924316406 -168.44305419921875 63.6737861633301
v 10.460688591003418 -125.86485290527342 60.02064132690431
v 45.551483154296875 -165.9276580810547 67.4199676513672
v 26.311176300048828 -97.09548950195311 89.26885986328126
v 53.05924606323242 -117.77968597412108 72.06195068359376
v 53.05924606323242 -117.77968597412108 72.06195068359376
v 46.55891036987305 -153.70050048828125 51.9088935852051
v 45.551483154296875 -165.9276580810547 67.4199676513672
v 10.460688591003418 -125.86485290527342 60.02064132690431
v 32.29859924316406 -168.44305419921875 63.6737861633301
v 35.19929885864258 -155.85655212402344 48.69787597656252
v 25.797700881958008 -119.8617172241211 35.366268157959
v 10.460688591003418 -125.86485290527342 60.02064132690431
v 35.19929885864258 -155.85655212402344 48.69787597656252
v 53.05924606323242 -117.77968597412108 72.06195068359376
v 50.41020202636719 -115.1902847290039 42.32347106933595
v 46.55891036987305 -153.70050048828125 51.9088935852051
v 53.05924606323242 -117.77968597412108 72.06195068359376
v 26.311176300048828 -97.09548950195311 89.26885986328126
v 35.527313232421875 -99.6935577392578 62.14653396606447
v 20.381160736083984 -102.56829071044922 57.86517715454103
v 10.460688591003418 -125.86485290527342 60.02064132690431
v 25.797700881958008 -119.8617172241211 35.366268157959
v 53.05924606323242 -117.77968597412108 72.06195068359376
v 35.527313232421875 -99.6935577392578 62.14653396606447
v 50.41020202636719 -115.1902847290039 42.32347106933595
v 32.29859924316406 -168.44305419921875 63.6737861633301
v 45.551483154296875 -165.9276580810547 67.4199676513672
v 43.4404182434082 -190.52520751953125 96.80041503906253
v 25.187183380126953 -169.31614685058594 95.69937133789064
v 29.710956573486328 -189.64767456054685 123.33406829833987
v 16.246265411376953 -190.6594696044922 83.36846923828128
v 29.76985740661621 -192.06228637695312 38.2567939758301
v 35.19929885864258 -155.85655212402344 48.69787597656252
v 32.29859924316406 -168.44305419921875 63.6737861633301
v 57.81389236450195 -192.32444763183594 37.99015426635744
v 45.551483154296875 -165.9276580810547 67.4199676513672
v 46.55891036987305 -153.70050048828125 51.9088935852051
v 61.24264144897461 -170.6854248046875 94.34622955322267
v 71.33275604248047 -191.17442321777344 82.84471130371097
v 57.75498962402344 -189.90983581542966 123.06742858886722
v 32.32632827758789 -31.67519378662109 42.58734512329102
v -14.293220520019531 -51.15312194824219 28.373613357543952
v -5.744487762451172 -27.42118835449218 52.82054901123047
v 0.902956485748291 -72.97638702392578 -2.575072526931754
v 12.027348518371582 -76.24606323242186 73.48146820068361
v 20.381160736083984 -102.56829071044922 57.86517715454103
v 51.95334243774414 -71.61812591552734 52.45325469970704
v 35.527313232421875 -99.6935577392578 62.14653396606447
v 25.28023338317871 -73.73067474365233 77.22765350341798
v 0.902956485748291 -72.97638702392578 -2.575072526931754
v -14.293220520019531 -51.15312194824219 28.373613357543952
v 12.027348518371582 -76.24606323242186 73.48146820068361
v 32.32632827758789 -31.67519378662109 42.58734512329102
v 51.95334243774414 -71.61812591552734 52.45325469970704
v 25.28023338317871 -73.73067474365233 77.22765350341798
v 37.683048248291016 -91.28797149658203 26.453426361083995
v 34.48482131958008 -39.23538589477539 -13.734804153442377
v 0.902956485748291 -72.97638702392578 -2.575072526931754
v -14.293220520019531 -51.15312194824219 28.373613357543952
v 32.32632827758789 -31.67519378662109 42.58734512329102
v 25.28023338317871 -73.73067474365233 77.22765350341798
v 25.28023338317871 -73.73067474365233 77.22765350341798
v 12.027348518371582 -76.24606323242186 73.48146820068361
v -14.293220520019531 -51.15312194824219 28.373613357543952
v 19.530363082885742 -9.637577056884764 19.76567840576172
v 32.32632827758789 -31.67519378662109 42.58734512329102
v -5.744487762451172 -27.42118835449218 52.82054901123047
v 37.683048248291016 -91.28797149658203 26.453426361083995
v 0.902956485748291 -72.97638702392578 -2.575072526931754
v 20.381160736083984 -102.56829071044922 57.86517715454103
v 51.95334243774414 -71.61812591552734 52.45325469970704
v 37.683048248291016 -91.28797149658203 26.453426361083995
v 35.527313232421875 -99.6935577392578 62.14653396606447
v 35.527313232421875 -99.6935577392578 62.14653396606447
v 37.683048248291016 -91.28797149658203 26.453426361083995
v 20.381160736083984 -102.56829071044922 57.86517715454103
v 44.266719818115234 -34.19492721557617 18.41964149475098
v 51.95334243774414 -71.61812591552734 52.45325469970704
v 32.32632827758789 -31.67519378662109 42.58734512329102
v 44.266719818115234 -34.19492721557617 18.41964149475098
v 32.32632827758789 -31.67519378662109 42.58734512329102
v 19.530363082885742 -9.637577056884764 19.76567840576172
v 34.48482131958008 -39.23538589477539 -13.734804153442377
v 44.266719818115234 -34.19492721557617 18.41964149475098
v 19.530363082885742 -9.637577056884764 19.76567840576172
v 34.48482131958008 -39.23538589477539 -13.734804153442377
v 19.530363082885742 -9.637577056884764 19.76567840576172
v 4.991578102111816 14.773104667663574 -4.103597640991213
v 0.902956485748291 -72.97638702392578 -2.575072526931754
v 34.48482131958008 -39.23538589477539 -13.734804153442377
v 4.991578102111816 14.773104667663574 -4.103597640991213
v -82.68607330322266 13.401983261108397 -19.685195922851562
v -78.93179321289062 -2.6197853088378946 -31.159250259399414
v -106.51158905029297 -24.28348731994629 -1.2754976749420137
v -95.4454345703125 -35.73189926147461 -18.435743331909176
v -106.51158905029297 -24.28348731994629 -1.2754976749420137
v -128.2097625732422 -16.673583984375 -5.310209751129149
v -97.32014465332031 21.191221237182614 -15.422372817993166
v -113.60157012939453 18.246585845947262 -16.27298736572266
v -135.1106414794922 -25.68060684204102 -30.790622711181637
v -114.58190155029297 -37.489513397216804 -39.04414749145507
v -124.46788024902344 -2.174167871475225 -41.70753479003906
v -103.93914794921875 -13.98307609558106 -49.9610595703125
v -101.5261459350586 -53.68080520629882 40.15072250366212
v -111.64937591552734 -75.34307098388672 25.406488418579112
v -123.08289337158203 -55.94924926757812 45.02019882202149
v -130.53211975097656 -89.12744903564453 20.408903121948253
v -146.91404724121094 -70.8971176147461 15.499894142150888
v -135.4736328125 -50.182258605957024 37.4205665588379
v -130.53211975097656 -89.12744903564453 20.408903121948253
v -123.08289337158203 -55.94924926757812 45.02019882202149
v -88.55036926269531 16.52767372131347 -44.19219970703125
v -102.77119445800781 24.03273773193359 -38.32345962524414
v -103.93914794921875 -13.98307609558106 -49.9610595703125
v -124.46788024902344 -2.174167871475225 -41.70753479003906
v -135.1106414794922 -25.68060684204102 -30.790622711181637
v -124.46788024902344 -2.174167871475225 -41.70753479003906
v -128.2097625732422 -16.673583984375 -5.310209751129149
v -113.60157012939453 18.246585845947262 -16.27298736572266
v -103.93914794921875 -13.98307609558106 -49.9610595703125
v -114.58190155029297 -37.489513397216804 -39.04414749145507
v -78.93179321289062 -2.6197853088378946 -31.159250259399414
v -95.4454345703125 -35.73189926147461 -18.435743331909176
v 75.1268310546875 -46.65336608886718 77.3797836303711
v 72.38520050048828 -18.523521423339837 50.320682525634766
v 80.23379516601562 -30.96384811401366 93.9857406616211
v 75.64169311523438 -3.48302769660949 59.75149154663086
v 101.31634521484375 3.792017936706552 73.21183776855469
v 102.72115325927734 -26.495603561401357 98.38496398925781
v 88.65875244140625 4.457324981689461 67.53011322021484
v 80.23379516601562 -30.96384811401366 93.9857406616211
v 100.03583526611328 -36.98090744018554 48.65723419189454
v 99.5601806640625 -56.82002639770507 68.51127624511719
v 116.5988540649414 -25.020040512084954 61.40885925292969
v 116.8106460571289 -44.30504608154296 81.73233795166016
v 88.21134185791016 -92.84964752197264 136.04135131835938
v 68.3614730834961 -81.77690124511717 128.6305389404297
v 65.99864196777344 -59.38791275024412 148.244140625
v 49.41443634033203 -61.39298629760741 132.3226318359375
v 65.99864196777344 -59.38791275024412 148.244140625
v 79.95457458496094 -52.39976119995115 147.2741241455078
v 88.21134185791016 -92.84964752197264 136.04135131835938
v 103.0095443725586 -72.76194763183592 137.56056213378906
v 116.5988540649414 -25.020040512084954 61.40885925292969
v 101.920654296875 2.743366241455084 48.00201416015625
v 100.03583526611328 -36.98090744018554 48.65723419189454
v 89.48233032226562 -5.892803668975826 38.06698989868164
v 101.31634521484375 3.792017936706552 73.21183776855469
v 116.5988540649414 -25.020040512084954 61.40885925292969
v 102.72115325927734 -26.495603561401357 98.38496398925781
v 116.8106460571289 -44.30504608154296 81.73233795166016
v 75.1268310546875 -46.65336608886718 77.3797836303711
v 99.5601806640625 -56.82002639770507 68.51127624511719
v 72.38520050048828 -18.523521423339837 50.320682525634766
v 100.03583526611328 -36.98090744018554 48.65723419189454
v -62.23195266723633 100.16626739501953 38.45209884643553
v -50.004024505615234 89.45771026611328 55.910758972167955
v -79.79615783691406 145.12277221679688 39.09320831298826
v -48.89173889160156 110.59872436523439 74.80044555664061
v -50.004024505615234 89.45771026611328 55.910758972167955
v -62.23195266723633 100.16626739501953 38.45209884643553
v -48.89173889160156 110.59872436523439 74.80044555664061
v -79.79615783691406 145.12277221679688 39.09320831298826
v 10.071154594421387 112.62991333007814 75.30204772949217
v 12.956351280212402 91.6266098022461 56.44636154174803
v 39.12899398803711 149.21957397460938 40.104904174804666
v 25.71270179748535 103.19583129882812 39.20024108886717
v 39.12899398803711 149.21957397460938 40.104904174804666
v 25.71270179748535 103.19583129882812 39.20024108886717
v 10.071154594421387 112.62991333007814 75.30204772949217
v 12.956351280212402 91.6266098022461 56.44636154174803
v -46.67292022705078 85.09795379638672 34.86565780639648
v 11.290600776672363 87.09471130371094 35.35875320434569
v -44.725284576416016 91.87710571289062 13.717375755310048
v 9.240751266479492 93.73616027832031 14.176464080810536
v -41.00004959106445 93.82548522949219 38.42216110229491
v -18.029884338378906 96.9678955078125 30.9057273864746
v -37.119754791259766 123.15792846679688 51.633945465087876
v -19.111072540283203 125.14348602294922 43.90446472167967
v -4.589955806732178 93.80902099609376 110.56996154785155
v 12.992090225219727 87.26689910888673 69.89967346191405
v 1.6374467611312866 59.003913879394545 107.59948730468749
v 15.4481782913208 74.3637161254883 68.68495941162108
v 3.9716475009918213 95.37469482421875 38.80473709106444
v -1.1423979997634888 124.39729309082031 51.940002441406236
v -18.029884338378906 96.9678955078125 30.9057273864746
v -19.111072540283203 125.14348602294922 43.90446472167967
v -17.38420867919922 66.25524139404298 79.37547302246092
v -27.125253677368164 51.577072143554695 61.057563781738274
v -49.968284606933594 85.09799957275392 69.36407470703124
v -45.816463470458984 74.02742004394531 41.6508445739746
v -46.67292022705078 85.09795379638672 34.86565780639648
v -50.004024505615234 89.45771026611328 55.910758972167955
v -45.816463470458984 74.02742004394531 41.6508445739746
v -49.968284606933594 85.09799957275392 69.36407470703124
v -18.6976375579834 98.97325134277345 101.2799606323242
v -18.65939712524414 94.78427124023439 113.74796295166014
v -45.58240509033203 97.95236968994142 89.87088012695311
v -32.57234573364258 92.84506988525392 110.33191680908202
v -36.338653564453125 57.69569015502931 107.27642059326172
v -51.509681701660156 72.05711364746095 68.11534881591795
v -32.57234573364258 92.84506988525392 110.33191680908202
v -49.968284606933594 85.09799957275392 69.36407470703124
v -48.89173889160156 110.59872436523439 74.80044555664061
v -45.1768684387207 115.23915863037111 89.82263183593749
v -49.968284606933594 85.09799957275392 69.36407470703124
v -45.58240509033203 97.95236968994142 89.87088012695311
v -41.00004959106445 93.82548522949219 38.42216110229491
v -37.119754791259766 123.15792846679688 51.633945465087876
v -50.004024505615234 89.45771026611328 55.910758972167955
v -44.1099853515625 119.88341522216798 63.227661132812486
v -45.1768684387207 115.23915863037111 89.82263183593749
v -33.33304214477539 115.70394897460939 107.18661499023436
v -45.58240509033203 97.95236968994142 89.87088012695311
v -32.8453254699707 101.40573120117189 107.75498199462889
v 2.714647054672241 65.59671020507814 70.33279418945311
v -27.125253677368164 51.577072143554695 61.057563781738274
v 12.992090225219727 87.26689910888673 69.89967346191405
v -17.38420867919922 66.25524139404298 79.37547302246092
v 12.992090225219727 87.26689910888673 69.89967346191405
v 12.956351280212402 91.6266098022461 56.44636154174803
v 2.714647054672241 65.59671020507814 70.33279418945311
v 11.290600776672363 87.09471130371094 35.35875320434569
v -4.589955806732178 93.80902099609376 110.56996154785155
v -18.65939712524414 94.78427124023439 113.74796295166014
v 8.38363265991211 99.81142425537111 90.32997131347655
v -18.6976375579834 98.97325134277345 101.2799606323242
v 8.38363265991211 99.81142425537111 90.32997131347655
v 6.790424823760986 117.02935791015626 90.26471710205077
v 12.992090225219727 87.26689910888673 69.89967346191405
v 10.071154594421387 112.62991333007814 75.30204772949217
v 5.8585662841796875 121.60475921630861 63.65274047851561
v -1.1423979997634888 124.39729309082031 51.940002441406236
v 12.956351280212402 91.6266098022461 56.44636154174803
v 3.9716475009918213 95.37469482421875 38.80473709106444
v -5.862307548522949 102.33525848388673 107.98452758789061
v -5.350654602050781 116.66790008544923 107.42465972900389
v 8.38363265991211 99.81142425537111 90.32997131347655
v 6.790424823760986 117.02935791015626 90.26471710205077
v 7.292055606842041 80.61982727050781 47.130352020263665
v 11.290600776672363 87.09471130371094 35.35875320434569
v -23.359172821044922 85.9444808959961 29.01543617248534
v -46.67292022705078 85.09795379638672 34.86565780639648
v -73.17829895019531 -117.39856719970703 19.425403594970717
v -83.95832061767578 -114.42389678955078 9.42827701568605
v -66.08000946044922 -90.59954071044922 19.745351791381847
v -76.86003112792969 -87.62487030029297 9.748226165771495
v -35.33085250854492 -191.451904296875 -60.590648651123026
v -81.7867431640625 -190.01934814453125 -50.775279998779276
v -81.70651245117188 -189.323486328125 -20.153413772582983
v -111.8997802734375 -188.53610229492188 -20.07826805114744
v -56.52408981323242 -189.55764770507812 -1.6773239374160533
v -22.92918586730957 -191.22525024414062 -36.488014221191385
v -99.03878784179688 -188.30105590820312 4.917056083679222
v -81.70651245117188 -189.323486328125 -20.153413772582983
v -73.17829895019531 -117.39856719970703 19.425403594970717
v -47.92195129394531 -171.91136169433594 -25.529672622680643
v -83.95832061767578 -114.42389678955078 9.42827701568605
v -57.26463317871094 -169.33331298828125 -34.193851470947244
v -48.35747528076172 -152.30751037597656 -38.7324752807617
v -39.014793395996094 -154.88555908203125 -30.0682964324951
v -51.452903747558594 -112.47891998291016 -35.54698562622069
v -32.76753616333008 -117.63501739501953 -18.218633651733384
v -53.230350494384766 -111.51057434082031 -0.3327208459377152
v -64.72904205322266 -108.33758544921875 -10.996322631835925
v -32.76753616333008 -117.63501739501953 -18.218633651733384
v -51.452903747558594 -112.47891998291016 -35.54698562622069
v -81.70651245117188 -189.323486328125 -20.153413772582983
v -111.8997802734375 -188.53610229492188 -20.07826805114744
v -57.26463317871094 -169.33331298828125 -34.193851470947244
v -87.39563751220703 -169.87518310546875 -36.24974441528318
v -39.014793395996094 -154.88555908203125 -30.0682964324951
v -48.35747528076172 -152.30751037597656 -38.7324752807617
v -22.92918586730957 -191.22525024414062 -36.488014221191385
v -35.33085250854492 -191.451904296875 -60.590648651123026
v -22.92918586730957 -191.22525024414062 -36.488014221191385
v -56.52408981323242 -189.55764770507812 -1.6773239374160533
v -47.92195129394531 -171.91136169433594 -25.529672622680643
v -71.76622772216797 -168.5548858642578 -3.62342095375059
v -71.76622772216797 -168.5548858642578 -3.62342095375059
v -99.03878784179688 -188.30105590820312 4.917056083679222
v -47.92195129394531 -171.91136169433594 -25.529672622680643
v -81.70651245117188 -189.323486328125 -20.153413772582983
v -87.39563751220703 -169.87518310546875 -36.24974441528318
v -81.7867431640625 -190.01934814453125 -50.775279998779276
v -57.26463317871094 -169.33331298828125 -34.193851470947244
v -35.33085250854492 -191.451904296875 -60.590648651123026
v -68.8727798461914 -77.40176391601562 -24.330806732177724
v -36.45241928100586 -91.7247085571289 -27.541540145874013
v -41.78268814086914 -33.757869720458984 -24.139842987060543
v -10.254799842834473 -38.02169799804688 -36.04833602905273
v 25.28023338317871 -73.73067474365233 77.22765350341798
v 26.311176300048828 -97.09548950195311 89.26885986328126
v 12.027348518371582 -76.24606323242186 73.48146820068361
v 13.058292388916016 -99.61087799072264 85.52267456054689
v 57.75498962402344 -189.90983581542966 123.06742858886722
v 71.33275604248047 -191.17442321777344 82.84471130371097
v 43.4404182434082 -190.52520751953125 96.80041503906253
v 57.81389236450195 -192.32444763183594 37.99015426635744
v 43.4404182434082 -190.52520751953125 96.80041503906253
v 29.76985740661621 -192.06228637695312 38.2567939758301
v 29.710956573486328 -189.64767456054685 123.33406829833987
v 16.246265411376953 -190.6594696044922 83.36846923828128
v 45.551483154296875 -165.9276580810547 67.4199676513672
v 32.29859924316406 -168.44305419921875 63.6737861633301
v 26.311176300048828 -97.09548950195311 89.26885986328126
v 13.058292388916016 -99.61087799072264 85.52267456054689
v 25.797700881958008 -119.8617172241211 35.366268157959
v 35.19929885864258 -155.85655212402344 48.69787597656252
v 50.41020202636719 -115.1902847290039 42.32347106933595
v 46.55891036987305 -153.70050048828125 51.9088935852051
v 50.41020202636719 -115.1902847290039 42.32347106933595
v 35.527313232421875 -99.6935577392578 62.14653396606447
v 25.797700881958008 -119.8617172241211 35.366268157959
v 20.381160736083984 -102.56829071044922 57.86517715454103
v 61.24264144897461 -170.6854248046875 94.34622955322267
v 57.75498962402344 -189.90983581542966 123.06742858886722
v 45.551483154296875 -165.9276580810547 67.4199676513672
v 43.4404182434082 -190.52520751953125 96.80041503906253
v 57.81389236450195 -192.32444763183594 37.99015426635744
v 46.55891036987305 -153.70050048828125 51.9088935852051
v 29.76985740661621 -192.06228637695312 38.2567939758301
v 35.19929885864258 -155.85655212402344 48.69787597656252
v 25.187183380126953 -169.31614685058594 95.69937133789064
v 16.246265411376953 -190.6594696044922 83.36846923828128
v 32.29859924316406 -168.44305419921875 63.6737861633301
v 29.76985740661621 -192.06228637695312 38.2567939758301
v 43.4404182434082 -190.52520751953125 96.80041503906253
v 29.710956573486328 -189.64767456054685 123.33406829833987
v 32.29859924316406 -168.44305419921875 63.6737861633301
v 25.187183380126953 -169.31614685058594 95.69937133789064
v 57.81389236450195 -192.32444763183594 37.99015426635744
v 71.33275604248047 -191.17442321777344 82.84471130371097
v 45.551483154296875 -165.9276580810547 67.4199676513672
v 61.24264144897461 -170.6854248046875 94.34622955322267
v 34.48482131958008 -39.23538589477539 -13.734804153442377
v 37.683048248291016 -91.28797149658203 26.453426361083995
v 44.266719818115234 -34.19492721557617 18.41964149475098
v 51.95334243774414 -71.61812591552734 52.45325469970704
v -131.4333953857422 -39.92416000366211 -8.777012825012202
v -123.16181182861328 -46.39676284790039 11.364640235900884
v -135.4736328125 -50.182258605957024 37.4205665588379
v -131.4333953857422 -39.92416000366211 -8.777012825012202
v -135.4736328125 -50.182258605957024 37.4205665588379
v -146.91404724121094 -70.8971176147461 15.499894142150888
v 79.95457458496094 -52.39976119995115 147.2741241455078
v 85.36003875732422 -48.75750350952147 118.13335418701172
v 102.29911041259766 -49.7599639892578 103.03160858154297
v 79.95457458496094 -52.39976119995115 147.2741241455078
v 102.29911041259766 -49.7599639892578 103.03160858154297
v 103.0095443725586 -72.76194763183592 137.56056213378906
v -26.043066024780273 176.4386444091797 62.92429733276365
v -15.049983978271484 176.8173370361328 63.01781463623045
v -19.916048049926758 138.1791534423828 85.74252319335936
v -24.101526260375977 135.60853576660156 0.034449141472561444
v -13.108444213867188 135.9872283935547 0.12796716392038587
v -19.290437698364258 129.89633178710938 45.74248123168944
v -19.464435577392578 131.6156463623047 59.23372650146483
v -37.119754791259766 123.15792846679688 51.633945465087876
v -19.111072540283203 125.14348602294922 43.90446472167967
v -19.464435577392578 131.6156463623047 59.23372650146483
v -9.642587661743164 137.22496032714844 58.20081710815428
v -29.630008697509766 136.5364227294922 58.03078460693358
v -19.820297241210938 137.9170684814453 75.54830169677733
v -48.89173889160156 110.59872436523439 74.80044555664061
v -29.630008697509766 136.5364227294922 58.03078460693358
v -9.642587661743164 137.22496032714844 58.20081710815428
v -19.820297241210938 137.9170684814453 75.54830169677733
v -29.630008697509766 136.5364227294922 58.03078460693358
v -19.820297241210938 137.9170684814453 75.54830169677733
v -19.69594383239746 129.4080810546875 95.38719177246092
v -39.7041015625 134.10365295410156 75.85195922851561
v -19.464435577392578 131.6156463623047 59.23372650146483
v -19.111072540283203 125.14348602294922 43.90446472167967
v -1.1423979997634888 124.39729309082031 51.940002441406236
v -19.820297241210938 137.9170684814453 75.54830169677733
v -9.642587661743164 137.22496032714844 58.20081710815428
v 10.071154594421387 112.62991333007814 75.30204772949217
v -19.820297241210938 137.9170684814453 75.54830169677733
v -0.7286297082901001 135.44630432128906 76.1835250854492
v -19.69594383239746 129.4080810546875 95.38719177246092
v -18.142074584960938 126.50409698486328 42.11287689208983
v -21.84087371826172 153.35731506347656 15.294536590576152
v -19.595924377441406 136.23744201660156 55.97463226318358
v -24.746074676513672 172.9947509765625 42.03273391723631
v -21.84087371826172 153.35731506347656 15.294536590576152
v -18.142074584960938 126.50409698486328 42.11287689208983
v -18.778812408447266 127.43043518066406 -4.413851261138932
v -16.349498748779297 105.89918518066406 32.457599639892564
v -26.275306701660156 180.98106384277344 71.83005523681638
v -20.96116065979004 141.82150268554688 76.22196197509764
v -24.746074676513672 172.9947509765625 42.03273391723631
v -19.595924377441406 136.23744201660156 55.97463226318358
v -20.96116065979004 141.82150268554688 76.22196197509764
v -26.275306701660156 180.98106384277344 71.83005523681638
v -21.054044723510742 138.87933349609375 99.05472564697264
v -27.546560287475586 179.38230895996094 110.11618041992185
v -20.171188354492188 127.76142883300781 40.29578781127928
v -18.058128356933594 159.23257446289062 17.337100982665998
v -19.595924377441406 136.23744201660156 55.97463226318358
v -17.828723907470703 174.69296264648438 45.389266967773416
v -18.058128356933594 159.23257446289062 17.337100982665998
v -20.171188354492188 127.76142883300781 40.29578781127928
v -19.0189208984375 134.8356475830078 -6.176007747650163
v -21.439970016479492 109.53487396240234 28.000143051147447
v -17.25809669494629 179.4525146484375 76.66259765624997
v -19.858171463012695 138.73104858398438 76.7041549682617
v -17.828723907470703 174.69296264648438 45.389266967773416
v -19.595924377441406 136.23744201660156 55.97463226318358
v -19.858171463012695 138.73104858398438 76.7041549682617
v -17.25809669494629 179.4525146484375 76.66259765624997
v -18.87593650817871 134.19534301757812 97.23371124267577
v -16.389116287231445 173.9837646484375 114.28356933593749
v -24.746074676513672 172.9947509765625 42.03273391723631
v -21.84087371826172 153.35731506347656 15.294536590576152
v -19.595924377441406 136.23744201660156 55.97463226318358
v -18.142074584960938 126.50409698486328 42.11287689208983
v -16.349498748779297 105.89918518066406 32.457599639892564
v -18.142074584960938 126.50409698486328 42.11287689208983
v -18.778812408447266 127.43043518066406 -4.413851261138932
v -21.84087371826172 153.35731506347656 15.294536590576152
v -19.595924377441406 136.23744201660156 55.97463226318358
v -20.96116065979004 141.82150268554688 76.22196197509764
v -24.746074676513672 172.9947509765625 42.03273391723631
v -26.275306701660156 180.98106384277344 71.83005523681638
v -27.546560287475586 179.38230895996094 110.11618041992185
v -26.275306701660156 180.98106384277344 71.83005523681638
v -21.054044723510742 138.87933349609375 99.05472564697264
v -20.96116065979004 141.82150268554688 76.22196197509764
v -20.788965225219727 173.77569580078125 44.20790863037107
v -19.94824981689453 156.38031005859375 15.823162078857402
v -19.595924377441406 136.23744201660156 55.97463226318358
v -19.14144515991211 126.46966552734375 42.10437393188475
v -18.431854248046875 110.32109069824219 24.084392547607408
v -19.14144515991211 126.46966552734375 42.10437393188475
v -18.882431030273438 130.55531311035156 -4.887543201446549
v -19.94824981689453 156.38031005859375 15.823162078857402
v -19.595924377441406 136.23744201660156 55.97463226318358
v -19.928916931152344 140.7004852294922 77.04523468017577
v -20.788965225219727 173.77569580078125 44.20790863037107
v -21.285951614379883 180.6409912109375 74.828498840332
v -21.484588623046875 177.27796936035156 111.79673767089841
v -21.285951614379883 180.6409912109375 74.828498840332
v -19.98392677307129 136.9443359375 98.72214508056639
v -19.928916931152344 140.7004852294922 77.04523468017577
v -17.828723907470703 174.69296264648438 45.389266967773416
v -18.058128356933594 159.23257446289062 17.337100982665998
v -19.595924377441406 136.23744201660156 55.97463226318358
v -20.171188354492188 127.76142883300781 40.29578781127928
v -21.439970016479492 109.53487396240234 28.000143051147447
v -20.171188354492188 127.76142883300781 40.29578781127928
v -19.0189208984375 134.8356475830078 -6.176007747650163
v -18.058128356933594 159.23257446289062 17.337100982665998
v -19.595924377441406 136.23744201660156 55.97463226318358
v -19.858171463012695 138.73104858398438 76.7041549682617
v -17.828723907470703 174.69296264648438 45.389266967773416
v -17.25809669494629 179.4525146484375 76.66259765624997
v -16.389116287231445 173.9837646484375 114.28356933593749
v -17.25809669494629 179.4525146484375 76.66259765624997
v -18.87593650817871 134.19534301757812 97.23371124267577
v -19.858171463012695 138.73104858398438 76.7041549682617
v -17.75013542175293 95.66942596435547 3.279006958007801
v -18.029884338378906 96.9678955078125 30.9057273864746
v -44.725284576416016 91.87710571289062 13.717375755310048
v -41.00004959106445 93.82548522949219 38.42216110229491
v 3.9716475009918213 95.37469482421875 38.80473709106444
v -18.029884338378906 96.9678955078125 30.9057273864746
v 9.240751266479492 93.73616027832031 14.176464080810536
v -17.75013542175293 95.66942596435547 3.279006958007801
v -44.725284576416016 91.87710571289062 13.717375755310048
v -41.00004959106445 93.82548522949219 38.42216110229491
v -54.73613357543945 86.96270751953125 34.15341186523437
v -50.004024505615234 89.45771026611328 55.910758972167955
v 12.956351280212402 91.6266098022461 56.44636154174803
v 3.9716475009918213 95.37469482421875 38.80473709106444
v 19.21732521057129 89.51029205322266 34.782531738281236
v 9.240751266479492 93.73616027832031 14.176464080810536
v 11.010221481323242 63.433231353759766 0.015636980533592085
v 27.780149459838867 94.9605712890625 30.590072631835927
v -14.791001319885254 102.35592651367188 5.4304666519164915
v 11.010221481323242 63.433231353759766 0.015636980533592085
v 50.81770324707031 54.295692443847656 21.390150070190423
v 27.780149459838867 94.9605712890625 30.590072631835927
v -27.513214111328125 67.90314483642578 -24.90352630615235
v 11.010221481323242 63.433231353759766 0.015636980533592085
v -14.791001319885254 102.35592651367188 5.4304666519164915
v -22.39227294921875 88.82382202148438 10.339930534362782
v -14.791001319885254 102.35592651367188 5.4304666519164915
v -45.816463470458984 74.02742004394531 41.6508445739746
v -14.791001319885254 102.35592651367188 5.4304666519164915
v -22.39227294921875 88.82382202148438 10.339930534362782
v -27.513214111328125 67.90314483642578 -24.90352630615235
v -31.72043228149414 79.71846771240234 -8.581665992736825
v -27.513214111328125 67.90314483642578 -24.90352630615235
v -22.39227294921875 88.82382202148438 10.339930534362782
v 23.584571838378906 80.83684539794922 37.5123062133789
v 2.714647054672241 65.59671020507814 70.33279418945311
v 27.780149459838867 94.9605712890625 30.590072631835927
v 27.780149459838867 94.9605712890625 30.590072631835927
v 50.81770324707031 54.295692443847656 21.390150070190423
v 23.584571838378906 80.83684539794922 37.5123062133789
v 42.221778869628906 69.00953674316406 37.29247665405273
v 23.584571838378906 80.83684539794922 37.5123062133789
v 50.81770324707031 54.295692443847656 21.390150070190423
v 7.292055606842041 80.61982727050781 47.130352020263665
v -23.359172821044922 85.9444808959961 29.01543617248534
v 27.780149459838867 94.9605712890625 30.590072631835927
v -14.791001319885254 102.35592651367188 5.4304666519164915
vt 0.5703125 0.5078125
vt 0.5703125 0.4609375
vt 0.6484375 0.5078125
vt 0.5703125 0.640625
vt 0.5703125 0.5078125
vt 0.6640625 0.5078125
vt 0.671875 0.3828125
vt 0.671875 0.421875
vt 0.7421875 0.421875
vt 0.6875 0.1015625
vt 0.6171875 0.140625
vt 0.6171875 0.078125
vt 0.6875 0.015625
vt 0.6875 0.1015625
vt 0.6171875 0.078125
vt 0.6875 0.015625
vt 0.6171875 0.078125
vt 0.6171875 0.015625
vt 0.7421875 0.8125
vt 0.6328125 0.734375
vt 0.671875 0.8125
vt 0.6328125 0.734375
vt 0.7421875 0.8125
vt 0.703125 0.734375
vt 0.90625 0.734375
vt 0.8671875 0.8125
vt 0.8359375 0.734375
vt 0.7734375 0.734375
vt 0.8359375 0.734375
vt 0.8046875 0.8125
vt 0.8046875 0.8125
vt 0.8359375 0.734375
vt 0.8671875 0.8125
vt 0.875 0.5703125
vt 0.8359375 0.734375
vt 0.8125 0.5703125
vt 0.8671875 0.8125
vt 0.9765625 0.8125
vt 0.9765625 0.8671875
vt 0.8671875 0.9296875
vt 0.8671875 0.8671875
vt 0.90625 0.9296875
vt 0.8671875 0.8125
vt 0.8671875 0.8671875
vt 0.8046875 0.8125
vt 0.90625 0.9296875
vt 0.84375 0.9765625
vt 0.8671875 0.9296875
vt 0.8671875 0.9296875
vt 0.84375 0.9765625
vt 0.8046875 0.8125
vt 0.90625 0.8671875
vt 0.8671875 0.8671875
vt 0.8671875 0.8125
vt 0.90625 0.8671875
vt 0.90625 0.9296875
vt 0.8671875 0.8671875
vt 0.8046875 0.8125
vt 0.8671875 0.8671875
vt 0.8671875 0.9296875
vt 0.8671875 0.8125
vt 0.9765625 0.8671875
vt 0.90625 0.8671875
vt 0.8046875 0.9296875
vt 0.8046875 0.8125
vt 0.84375 0.9765625
vt 0.875 0.5703125
vt 0.875 0.421875
vt 0.9375 0.421875
vt 0.7421875 0.421875
vt 0.671875 0.421875
vt 0.671875 0.5703125
vt 0.7421875 0.421875
vt 0.8125 0.5703125
vt 0.7421875 0.5703125
vt 0.8125 0.5703125
vt 0.7421875 0.421875
vt 0.8125 0.421875
vt 0.8125 0.421875
vt 0.875 0.5703125
vt 0.8125 0.5703125
vt 0.875 0.5703125
vt 0.8125 0.421875
vt 0.875 0.421875
vt 0.9375 0.5703125
vt 0.875 0.5703125
vt 0.9375 0.421875
vt 0.7421875 0.421875
vt 0.671875 0.5703125
vt 0.7421875 0.5703125
vt 0.9375 0.5703125
vt 0.90625 0.625
vt 0.875 0.5703125
vt 0.9375 0.5703125
vt 0.9765625 0.625
vt 0.90625 0.625
vt 0.7734375 0.625
vt 0.703125 0.625
vt 0.7421875 0.5703125
vt 0.9765625 0.8125
vt 0.8671875 0.8125
vt 0.90625 0.734375
vt 0.9765625 0.734375
vt 0.9765625 0.8125
vt 0.90625 0.734375
vt 0.7421875 0.8125
vt 0.703125 0.734375
vt 0.7734375 0.734375
vt 0.7734375 0.734375
vt 0.8046875 0.8125
vt 0.7421875 0.8125
vt 0.7734375 0.625
vt 0.7421875 0.5703125
vt 0.8125 0.5703125
vt 0.7421875 0.8125
vt 0.671875 0.8125
vt 0.671875 0.9296875
vt 0.7421875 0.8125
vt 0.671875 0.9296875
vt 0.7421875 0.9296875
vt 0.5703125 0.5078125
vt 0.6484375 0.5078125
vt 0.5703125 0.4609375
vt 0.5703125 0.640625
vt 0.6640625 0.5078125
vt 0.5703125 0.5078125
vt 0.671875 0.3828125
vt 0.7421875 0.421875
vt 0.671875 0.421875
vt 0.875 0.421875
vt 0.9375 0.421875
vt 0.9375 0.3828125
vt 0.8984375 0.96875
vt 0.8984375 0.9609375
vt 0.90625 0.984375
vt 0.6875 0.1015625
vt 0.6171875 0.140625
vt 0.6171875 0.1640625
vt 0.6875 0.1015625
vt 0.6171875 0.078125
vt 0.6171875 0.140625
vt 0.6875 0.015625
vt 0.6171875 0.078125
vt 0.6875 0.1015625
vt 0.6875 0.015625
vt 0.6171875 0.015625
vt 0.6171875 0.078125
vt 0.7421875 0.8125
vt 0.671875 0.8125
vt 0.6328125 0.734375
vt 0.6328125 0.734375
vt 0.703125 0.734375
vt 0.7421875 0.8125
vt 0.90625 0.734375
vt 0.8359375 0.734375
vt 0.8671875 0.8125
vt 0.7734375 0.734375
vt 0.8046875 0.8125
vt 0.8359375 0.734375
vt 0.8046875 0.8125
vt 0.8671875 0.8125
vt 0.8359375 0.734375
vt 0.875 0.5703125
vt 0.8125 0.5703125
vt 0.8359375 0.734375
vt 0.8671875 0.8125
vt 0.9765625 0.8671875
vt 0.9765625 0.8125
vt 0.8671875 0.9296875
vt 0.90625 0.9296875
vt 0.8671875 0.8671875
vt 0.8671875 0.8125
vt 0.8046875 0.8125
vt 0.8671875 0.8671875
vt 0.90625 0.9296875
vt 0.8671875 0.9296875
vt 0.84375 0.9765625
vt 0.8671875 0.9296875
vt 0.8046875 0.8125
vt 0.84375 0.9765625
vt 0.90625 0.8671875
vt 0.8671875 0.8125
vt 0.8671875 0.8671875
vt 0.90625 0.8671875
vt 0.8671875 0.8671875
vt 0.90625 0.9296875
vt 0.8046875 0.8125
vt 0.8671875 0.9296875
vt 0.8671875 0.8671875
vt 0.8671875 0.8125
vt 0.90625 0.8671875
vt 0.9765625 0.8671875
vt 0.8046875 0.9296875
vt 0.84375 0.9765625
vt 0.8046875 0.8125
vt 0.875 0.5703125
vt 0.9375 0.421875
vt 0.875 0.421875
vt 0.7421875 0.421875
vt 0.671875 0.5703125
vt 0.671875 0.421875
vt 0.7421875 0.421875
vt 0.7421875 0.5703125
vt 0.8125 0.5703125
vt 0.8125 0.5703125
vt 0.8125 0.421875
vt 0.7421875 0.421875
vt 0.8125 0.421875
vt 0.8125 0.5703125
vt 0.875 0.5703125
vt 0.875 0.5703125
vt 0.875 0.421875
vt 0.8125 0.421875
vt 0.9375 0.5703125
vt 0.9375 0.421875
vt 0.875 0.5703125
vt 0.7421875 0.421875
vt 0.7421875 0.5703125
vt 0.671875 0.5703125
vt 0.9375 0.5703125
vt 0.875 0.5703125
vt 0.90625 0.625
vt 0.9375 0.5703125
vt 0.90625 0.625
vt 0.9765625 0.625
vt 0.7734375 0.625
vt 0.7421875 0.5703125
vt 0.703125 0.625
vt 0.9765625 0.8125
vt 0.90625 0.734375
vt 0.8671875 0.8125
vt 0.9765625 0.734375
vt 0.90625 0.734375
vt 0.9765625 0.8125
vt 0.7421875 0.8125
vt 0.7734375 0.734375
vt 0.703125 0.734375
vt 0.7734375 0.734375
vt 0.7421875 0.8125
vt 0.8046875 0.8125
vt 0.7734375 0.625
vt 0.8125 0.5703125
vt 0.7421875 0.5703125
vt 0.671875 0.9296875
vt 0.671875 0.8125
vt 0.7421875 0.8125
vt 0.671875 0.9296875
vt 0.7421875 0.8125
vt 0.7421875 0.9296875
vt 0.078125 0.3828125
vt 0.171875 0.359375
vt 0.1171875 0.3359375
vt 0.5625 0.765625
vt 0.578125 0.796875
vt 0.5625 0.796875
vt 0.625 0.765625
vt 0.625 0.796875
vt 0.609375 0.796875
vt 0.59375 0.734375
vt 0.625 0.765625
vt 0.5625 0.765625
vt 0.3984375 0.2265625
vt 0.3125 0.2265625
vt 0.234375 0.28125
vt 0.5703125 0.2265625
vt 0.3984375 0.2265625
vt 0.484375 0.140625
vt 0.3984375 0.2265625
vt 0.3984375 0.140625
vt 0.484375 0.140625
vt 0.484375 0.2265625
vt 0.3984375 0.359375
vt 0.3984375 0.2265625
vt 0.1484375 0.078125
vt 0.234375 0.140625
vt 0.171875 0.140625
vt 0.5703125 0.359375
vt 0.3984375 0.359375
vt 0.484375 0.2265625
vt 0.625 0.8203125
vt 0.609375 0.796875
vt 0.625 0.796875
vt 0.234375 0.28125
vt 0.171875 0.28125
vt 0.234375 0.140625
vt 0.3984375 0.2265625
vt 0.234375 0.28125
vt 0.3125 0.2265625
vt 0.5703125 0.1328125
vt 0.5703125 0.09375
vt 0.53125 0.1328125
vt 0.4921875 0.1328125
vt 0.4921875 0.09375
vt 0.53125 0.09375
vt 0.234375 0.078125
vt 0.3125 0.078125
vt 0.3125 0.140625
vt 0.3984375 0.140625
vt 0.3125 0.078125
vt 0.4765625 0.078125
vt 0.4921875 0.1328125
vt 0.4921875 0.09375
vt 0.53125 0.09375
vt 0.53125 0.09375
vt 0.5703125 0.1328125
vt 0.4921875 0.1328125
vt 0.234375 0.140625
vt 0.234375 0.078125
vt 0.3125 0.140625
vt 0.5625 0.765625
vt 0.59375 0.796875
vt 0.5625 0.8203125
vt 0.90625 0.953125
vt 0.90625 0.9609375
vt 0.9296875 0.9765625
vt 0.625 0.875
vt 0.59375 0.875
vt 0.59375 0.8359375
vt 0.59375 0.8359375
vt 0.65625 0.8359375
vt 0.625 0.875
vt 0.5703125 0.1328125
vt 0.5703125 0.09375
vt 0.53125 0.1328125
vt 0.3984375 0.140625
vt 0.3125 0.140625
vt 0.3125 0.078125
vt 0.171875 0.140625
vt 0.125 0.140625
vt 0.1484375 0.078125
vt 0.171875 0.28125
vt 0.171875 0.140625
vt 0.234375 0.140625
vt 0.484375 0.2265625
vt 0.5703125 0.2265625
vt 0.5703125 0.359375
vt 0.1484375 0.078125
vt 0.171875 0.140625
vt 0.234375 0.140625
vt 0.5625 0.8203125
vt 0.5625 0.796875
vt 0.578125 0.796875
vt 0.234375 0.28125
vt 0.234375 0.140625
vt 0.171875 0.28125
vt 0.53125 0.1328125
vt 0.5703125 0.09375
vt 0.5703125 0.1328125
vt 0.53125 0.09375
vt 0.5703125 0.09375
vt 0.5703125 0.1328125
vt 0.234375 0.078125
vt 0.3125 0.140625
vt 0.3125 0.078125
vt 0.53125 0.09375
vt 0.5703125 0.09375
vt 0.5703125 0.1328125
vt 0.234375 0.140625
vt 0.3125 0.140625
vt 0.234375 0.078125
vt 0.625 0.765625
vt 0.625 0.8203125
vt 0.59375 0.796875
vt 0.625 0.765625
vt 0.59375 0.796875
vt 0.5625 0.765625
vt 0.9609375 0.953125
vt 0.9296875 0.9765625
vt 0.96875 0.9609375
vt 0.65625 0.8359375
vt 0.65625 0.875
vt 0.625 0.875
vt 0.5703125 0.1328125
vt 0.53125 0.1328125
vt 0.5703125 0.09375
vt 0.3984375 0.140625
vt 0.3125 0.078125
vt 0.3125 0.140625
vt 0.5703125 0.2265625
vt 0.484375 0.140625
vt 0.5703125 0.140625
vt 0.171875 0.140625
vt 0.1484375 0.078125
vt 0.125 0.140625
vt 0.171875 0.28125
vt 0.234375 0.140625
vt 0.171875 0.140625
vt 0.171875 0.359375
vt 0.078125 0.3828125
vt 0.1171875 0.3359375
vt 0.109375 0.1015625
vt 0.078125 0.03125
vt 0.09375 0.0078125
vt 0.03125 0.0078125
vt 0.0546875 0.03125
vt 0.0078125 0.1015625
vt 0.875 0.421875
vt 0.9375 0.3828125
vt 0.9375 0.421875
vt 0.90625 0.9609375
vt 0.90625 0.9765625
vt 0.90625 0.953125
vt 0.6875 0.1015625
vt 0.6171875 0.1640625
vt 0.6171875 0.140625
vt 0.8359375 0.40625
vt 0.7734375 0.28125
vt 0.8359375 0.328125
vt 0.4375 0.765625
vt 0.4375 0.640625
vt 0.5703125 0.640625
vt 0.7734375 0.28125
vt 0.6640625 0.2734375
vt 0.6875 0.1015625
vt 0.6875 0.1015625
vt 0.8359375 0.03125
vt 0.8359375 0.2421875
vt 0.7734375 0.28125
vt 0.8359375 0.2421875
vt 0.8359375 0.328125
vt 0.6171875 0.1640625
vt 0.6640625 0.2734375
vt 0.59375 0.265625
vt 0.515625 0.4921875
vt 0.5703125 0.4609375
vt 0.5703125 0.5078125
vt 0.6875 0.1015625
vt 0.6640625 0.2734375
vt 0.6171875 0.1640625
vt 0.6875 0.1015625
vt 0.7421875 0.015625
vt 0.8359375 0.03125
vt 0.6875 0.015625
vt 0.7421875 0.015625
vt 0.6875 0.1015625
vt 0.7734375 0.28125
vt 0.6875 0.1015625
vt 0.8359375 0.2421875
vt 0.5703125 0.640625
vt 0.5234375 0.7890625
vt 0.4375 0.765625
vt 0.0625 0.1015625
vt 0.0078125 0.0625
vt 0.1171875 0.0625
vt 0.8359375 0.40625
vt 0.8359375 0.328125
vt 0.7734375 0.28125
vt 0.4375 0.765625
vt 0.296875 0.640625
vt 0.4375 0.640625
vt 0.7734375 0.28125
vt 0.6875 0.1015625
vt 0.6640625 0.2734375
vt 0.6875 0.1015625
vt 0.8359375 0.2421875
vt 0.8359375 0.03125
vt 0.7734375 0.28125
vt 0.8359375 0.328125
vt 0.8359375 0.2421875
vt 0.6171875 0.1640625
vt 0.59375 0.2734375
vt 0.6640625 0.2734375
vt 0.515625 0.4921875
vt 0.5703125 0.5078125
vt 0.5703125 0.4609375
vt 0.6875 0.1015625
vt 0.6171875 0.1640625
vt 0.6640625 0.2734375
vt 0.6875 0.1015625
vt 0.8359375 0.03125
vt 0.7421875 0.015625
vt 0.6875 0.015625
vt 0.6875 0.1015625
vt 0.7421875 0.015625
vt 0.7734375 0.28125
vt 0.8359375 0.2421875
vt 0.6875 0.1015625
vt 0.296875 0.640625
vt 0.4375 0.765625
vt 0.3515625 0.7890625
vt 0.0625 0.1015625
vt 0.0078125 0.0625
vt 0.1171875 0.0625
vt 0.1484375 0.6796875
vt 0.1484375 0.7734375
vt 0.21875 0.7109375
vt 0.1484375 0.6796875
vt 0.21875 0.7109375
vt 0.21875 0.65625
vt 0.21875 0.65625
vt 0.21875 0.7109375
vt 0.1484375 0.6796875
vt 0.953125 0.96875
vt 0.953125 0.96875
vt 0.953125 0.96875
vt 0.21875 0.7109375
vt 0.1484375 0.7734375
vt 0.21875 0.875
vt 0.21875 0.875
vt 0.1484375 0.7734375
vt 0.21875 0.7109375
vt 0.1484375 0.7734375
vt 0.21875 0.875
vt 0.1484375 0.875
vt 0.1484375 0.7734375
vt 0.1484375 0.875
vt 0.21875 0.875
vt 0.078125 0.7734375
vt 0.1484375 0.875
vt 0.1484375 0.7734375
vt 0.1484375 0.7734375
vt 0.1484375 0.875
vt 0.078125 0.7734375
vt 0.1484375 0.7734375
vt 0.1484375 0.6796875
vt 0.21875 0.7109375
vt 0.1484375 0.6796875
vt 0.078125 0.7734375
vt 0.1484375 0.7734375
vt 0.1484375 0.7734375
vt 0.078125 0.7734375
vt 0.1484375 0.6796875
vt 0.5546875 0.9140625
vt 0.578125 0.9765625
vt 0.59375 0.9140625
vt 0.28125 0.9140625
vt 0.2578125 0.9765625
vt 0.359375 0.9765625
vt 0.1484375 0.9765625
vt 0.21875 0.875
vt 0.1484375 0.875
vt 0.1484375 0.9765625
vt 0.1484375 0.875
vt 0.21875 0.875
vt 0.28125 0.9140625
vt 0.359375 0.9765625
vt 0.2578125 0.9765625
vt 0.6875 0.359375
vt 0.7734375 0.28125
vt 0.8359375 0.40625
vt 0.1484375 0.4375
vt 0.1484375 0.6796875
vt 0.21875 0.65625
vt 0.1484375 0.6015625
vt 0.21875 0.65625
vt 0.1484375 0.6796875
vt 0.1484375 0.4375
vt 0.21875 0.65625
vt 0.21875 0.4453125
vt 0.21875 0.4453125
vt 0.21875 0.65625
vt 0.1484375 0.6015625
vt 0.078125 0.6015625
vt 0.015625 0.5625
vt 0.078125 0.4375
vt 0.21875 0.4453125
vt 0.28125 0.65625
vt 0.28125 0.4453125
vt 0.28125 0.65625
vt 0.21875 0.4453125
vt 0.21875 0.65625
vt 0.6640625 0.2734375
vt 0.7734375 0.28125
vt 0.6875 0.359375
vt 0.078125 0.6015625
vt 0.015625 0.6796875
vt 0.015625 0.5625
vt 0.1484375 0.6015625
vt 0.1484375 0.6796875
vt 0.078125 0.6015625
vt 0.078125 0.6796875
vt 0.015625 0.6796875
vt 0.078125 0.6015625
vt 0.1484375 0.4375
vt 0.21875 0.4453125
vt 0.1484375 0.6015625
vt 0.6171875 0.359375
vt 0.6640625 0.2734375
vt 0.6875 0.359375
vt 0.515625 0.8671875
vt 0.5234375 0.7890625
vt 0.578125 0.8671875
vt 0.515625 0.8671875
vt 0.4375 0.765625
vt 0.5234375 0.7890625
vt 0.4375 0.984375
vt 0.4375 0.765625
vt 0.515625 0.8671875
vt 0.1484375 0.6796875
vt 0.21875 0.7109375
vt 0.1484375 0.7734375
vt 0.1484375 0.6796875
vt 0.21875 0.65625
vt 0.21875 0.7109375
vt 0.21875 0.65625
vt 0.1484375 0.6796875
vt 0.21875 0.7109375
vt 0.953125 0.96875
vt 0.953125 0.96875
vt 0.953125 0.96875
vt 0.21875 0.7109375
vt 0.21875 0.875
vt 0.1484375 0.7734375
vt 0.21875 0.875
vt 0.21875 0.7109375
vt 0.1484375 0.7734375
vt 0.1484375 0.7734375
vt 0.1484375 0.875
vt 0.21875 0.875
vt 0.1484375 0.7734375
vt 0.21875 0.875
vt 0.1484375 0.875
vt 0.078125 0.7734375
vt 0.1484375 0.7734375
vt 0.1484375 0.875
vt 0.1484375 0.7734375
vt 0.078125 0.7734375
vt 0.1484375 0.875
vt 0.1484375 0.7734375
vt 0.21875 0.7109375
vt 0.1484375 0.6796875
vt 0.1484375 0.6796875
vt 0.1484375 0.7734375
vt 0.078125 0.7734375
vt 0.1484375 0.7734375
vt 0.1484375 0.6796875
vt 0.078125 0.7734375
vt 0.5546875 0.9140625
vt 0.59375 0.9140625
vt 0.578125 0.9765625
vt 0.28125 0.9140625
vt 0.359375 0.9765625
vt 0.2578125 0.9765625
vt 0.1484375 0.9765625
vt 0.1484375 0.875
vt 0.21875 0.875
vt 0.1484375 0.9765625
vt 0.21875 0.875
vt 0.1484375 0.875
vt 0.28125 0.9140625
vt 0.2578125 0.9765625
vt 0.359375 0.9765625
vt 0.6875 0.359375
vt 0.8359375 0.40625
vt 0.7734375 0.28125
vt 0.1484375 0.4375
vt 0.21875 0.65625
vt 0.1484375 0.6796875
vt 0.1484375 0.6015625
vt 0.1484375 0.6796875
vt 0.21875 0.65625
vt 0.1484375 0.4375
vt 0.21875 0.4453125
vt 0.21875 0.65625
vt 0.21875 0.4453125
vt 0.1484375 0.6015625
vt 0.21875 0.65625
vt 0.078125 0.6015625
vt 0.078125 0.4375
vt 0.015625 0.5625
vt 0.21875 0.4453125
vt 0.28125 0.4453125
vt 0.28125 0.65625
vt 0.28125 0.65625
vt 0.21875 0.65625
vt 0.21875 0.4453125
vt 0.6640625 0.2734375
vt 0.6875 0.359375
vt 0.7734375 0.28125
vt 0.078125 0.6015625
vt 0.015625 0.5625
vt 0.015625 0.6796875
vt 0.1484375 0.6015625
vt 0.078125 0.6015625
vt 0.1484375 0.6796875
vt 0.078125 0.6796875
vt 0.078125 0.6015625
vt 0.015625 0.6796875
vt 0.1484375 0.4375
vt 0.1484375 0.6015625
vt 0.21875 0.4453125
vt 0.6171875 0.359375
vt 0.6875 0.359375
vt 0.6640625 0.2734375
vt 0.515625 0.8671875
vt 0.578125 0.8671875
vt 0.5234375 0.7890625
vt 0.3515625 0.8671875
vt 0.3515625 0.7890625
vt 0.4375 0.765625
vt 0.4375 0.984375
vt 0.3515625 0.8671875
vt 0.4375 0.765625
vt 0.875 0.5703125
vt 0.90625 0.625
vt 0.8359375 0.734375
vt 0.90625 0.734375
vt 0.8359375 0.734375
vt 0.7734375 0.734375
vt 0.8125 0.5703125
vt 0.7734375 0.625
vt 0.6328125 0.734375
vt 0.703125 0.734375
vt 0.6328125 0.625
vt 0.703125 0.625
vt 0.9140625 0.8671875
vt 0.9765625 0.8671875
vt 0.9140625 0.9375
vt 0.9765625 0.9375
vt 0.8046875 0.9296875
vt 0.7421875 0.9296875
vt 0.8046875 0.9765625
vt 0.7421875 0.9765625
vt 0.7421875 0.5703125
vt 0.671875 0.5703125
vt 0.703125 0.625
vt 0.6328125 0.625
vt 0.703125 0.734375
vt 0.703125 0.625
vt 0.7734375 0.734375
vt 0.7734375 0.625
vt 0.9765625 0.625
vt 0.9765625 0.734375
vt 0.90625 0.625
vt 0.90625 0.734375
vt 0.90625 0.734375
vt 0.90625 0.625
vt 0.8359375 0.734375
vt 0.875 0.5703125
vt 0.7734375 0.625
vt 0.7734375 0.734375
vt 0.8125 0.5703125
vt 0.8359375 0.734375
vt 0.703125 0.625
vt 0.703125 0.734375
vt 0.6328125 0.625
vt 0.6328125 0.734375
vt 0.9765625 0.9375
vt 0.9765625 0.8671875
vt 0.9140625 0.9375
vt 0.9140625 0.8671875
vt 0.7421875 0.9765625
vt 0.7421875 0.9296875
vt 0.8046875 0.9765625
vt 0.8046875 0.9296875
vt 0.6328125 0.625
vt 0.671875 0.5703125
vt 0.703125 0.625
vt 0.7421875 0.5703125
vt 0.7734375 0.625
vt 0.703125 0.625
vt 0.7734375 0.734375
vt 0.703125 0.734375
vt 0.90625 0.734375
vt 0.9765625 0.734375
vt 0.90625 0.625
vt 0.9765625 0.625
vt 0.5234375 0.0859375
vt 0.6015625 0.0625
vt 0.4453125 0.015625
vt 0.6015625 0.015625
vt 0.65625 0.421875
vt 0.578125 0.4453125
vt 0.65625 0.375
vt 0.5 0.375
vt 0.6015625 0.015625
vt 0.6015625 0.0625
vt 0.4453125 0.015625
vt 0.5234375 0.0859375
vt 0.5 0.375
vt 0.578125 0.4453125
vt 0.65625 0.375
vt 0.65625 0.421875
vt 0.609375 0.796875
vt 0.578125 0.796875
vt 0.625 0.765625
vt 0.5625 0.765625
vt 0.125 0.28125
vt 0.078125 0.28125
vt 0.125 0.140625
vt 0.078125 0.140625
vt 0.3984375 0.2265625
vt 0.234375 0.28125
vt 0.3984375 0.359375
vt 0.265625 0.359375
vt 0.125 0.28125
vt 0.125 0.140625
vt 0.078125 0.28125
vt 0.078125 0.140625
vt 0.25 0.3671875
vt 0.1953125 0.4140625
vt 0.21875 0.2890625
vt 0.171875 0.359375
vt 0.1328125 0.3359375
vt 0.171875 0.296875
vt 0.171875 0.359375
vt 0.2265625 0.296875
vt 0.53125 0.09375
vt 0.53125 0.1328125
vt 0.5703125 0.09375
vt 0.5703125 0.1328125
vt 0.3984375 0.359375
vt 0.265625 0.359375
vt 0.3984375 0.2265625
vt 0.234375 0.28125
vt 0.234375 0.140625
vt 0.3125 0.140625
vt 0.234375 0.28125
vt 0.3125 0.2265625
vt 0.125 0.28125
vt 0.125 0.140625
vt 0.171875 0.28125
vt 0.171875 0.140625
vt 0.3125 0.140625
vt 0.3984375 0.140625
vt 0.3125 0.2265625
vt 0.3984375 0.2265625
vt 0.171875 0.359375
vt 0.1953125 0.4140625
vt 0.21875 0.2890625
vt 0.25 0.3671875
vt 0.2265625 0.296875
vt 0.171875 0.296875
vt 0.171875 0.359375
vt 0.1328125 0.3359375
vt 0.5703125 0.1328125
vt 0.53125 0.1328125
vt 0.5703125 0.09375
vt 0.53125 0.09375
vt 0.3125 0.2265625
vt 0.3125 0.140625
vt 0.234375 0.28125
vt 0.234375 0.140625
vt 0.171875 0.140625
vt 0.125 0.140625
vt 0.171875 0.28125
vt 0.125 0.28125
vt 0.3984375 0.2265625
vt 0.3984375 0.140625
vt 0.3125 0.2265625
vt 0.3125 0.140625
vt 0.0078125 0.421875
vt 0.0078125 0.3984375
vt 0.1328125 0.421875
vt 0.1328125 0.3984375
vt 0.28125 0.7109375
vt 0.21875 0.7109375
vt 0.28125 0.65625
vt 0.21875 0.65625
vt 0.953125 0.96875
vt 0.953125 0.96875
vt 0.953125 0.96875
vt 0.953125 0.96875
vt 0.953125 0.96875
vt 0.953125 0.96875
vt 0.953125 0.96875
vt 0.953125 0.96875
vt 0.28125 0.7109375
vt 0.28125 0.875
vt 0.21875 0.7109375
vt 0.21875 0.875
vt 0.078125 0.875
vt 0.015625 0.875
vt 0.078125 0.7734375
vt 0.015625 0.7734375
vt 0.015625 0.6796875
vt 0.078125 0.6796875
vt 0.015625 0.7734375
vt 0.078125 0.7734375
vt 0.578125 0.9765625
vt 0.6328125 0.9765625
vt 0.59375 0.9140625
vt 0.6328125 0.9140625
vt 0.015625 0.875
vt 0.078125 0.875
vt 0.015625 0.9765625
vt 0.078125 0.9765625
vt 0.1484375 0.9765625
vt 0.2578125 0.9765625
vt 0.21875 0.875
vt 0.28125 0.9140625
vt 0.515625 0.9140625
vt 0.515625 0.9765625
vt 0.5546875 0.9140625
vt 0.578125 0.9765625
vt 0.28125 0.9140625
vt 0.2578125 0.9765625
vt 0.21875 0.875
vt 0.1484375 0.9765625
vt 0.1484375 0.6015625
vt 0.078125 0.6015625
vt 0.1484375 0.4375
vt 0.078125 0.4375
vt 0.21875 0.65625
vt 0.21875 0.7109375
vt 0.28125 0.65625
vt 0.28125 0.7109375
vt 0.953125 0.96875
vt 0.953125 0.96875
vt 0.953125 0.96875
vt 0.953125 0.96875
vt 0.953125 0.96875
vt 0.953125 0.96875
vt 0.953125 0.96875
vt 0.953125 0.96875
vt 0.21875 0.875
vt 0.28125 0.875
vt 0.21875 0.7109375
vt 0.28125 0.7109375
vt 0.015625 0.7734375
vt 0.015625 0.875
vt 0.078125 0.7734375
vt 0.078125 0.875
vt 0.078125 0.7734375
vt 0.078125 0.6796875
vt 0.015625 0.7734375
vt 0.015625 0.6796875
vt 0.6328125 0.9140625
vt 0.6328125 0.9765625
vt 0.59375 0.9140625
vt 0.578125 0.9765625
vt 0.078125 0.9765625
vt 0.078125 0.875
vt 0.015625 0.9765625
vt 0.015625 0.875
vt 0.28125 0.9140625
vt 0.2578125 0.9765625
vt 0.21875 0.875
vt 0.1484375 0.9765625
vt 0.578125 0.9765625
vt 0.515625 0.9765625
vt 0.5546875 0.9140625
vt 0.515625 0.9140625
vt 0.1484375 0.9765625
vt 0.2578125 0.9765625
vt 0.21875 0.875
vt 0.28125 0.9140625
vt 0.078125 0.4375
vt 0.078125 0.6015625
vt 0.1484375 0.4375
vt 0.1484375 0.6015625
vt 0.7421875 0.8125
vt 0.8046875 0.8125
vt 0.8046875 0.9296875
vt 0.7421875 0.8125
vt 0.8046875 0.9296875
vt 0.7421875 0.9296875
vt 0.8046875 0.9296875
vt 0.8046875 0.8125
vt 0.7421875 0.8125
vt 0.8046875 0.9296875
vt 0.7421875 0.8125
vt 0.7421875 0.9296875
vt 0.8671875 0.25
vt 0.8671875 0.203125
vt 0.984375 0.234375
vt 0.8515625 0.359375
vt 0.8515625 0.3203125
vt 0.9765625 0.359375
vt 0.1484375 0.078125
vt 0.125 0.140625
vt 0.078125 0.140625
vt 0.53125 0.09375
vt 0.5703125 0.1328125
vt 0.4921875 0.1328125
vt 0.234375 0.078125
vt 0.234375 0.140625
vt 0.1484375 0.078125
vt 0.234375 0.015625
vt 0.234375 0.078125
vt 0.1484375 0.078125
vt 0.3125 0.015625
vt 0.3125 0.078125
vt 0.234375 0.078125
vt 0.1484375 0.078125
vt 0.078125 0.140625
vt 0.125 0.140625
vt 0.234375 0.078125
vt 0.1484375 0.078125
vt 0.234375 0.140625
vt 0.3125 0.015625
vt 0.3984375 0.078125
vt 0.3125 0.078125
vt 0.984375 0.234375
vt 0.8515625 0.234375
vt 0.984375 0.1640625
vt 0.8515625 0.1640625
vt 0.8515625 0.234375
vt 0.984375 0.234375
vt 0.8515625 0.3046875
vt 0.984375 0.3046875
vt 0.8515625 0.0859375
vt 0.984375 0.0859375
vt 0.8515625 0.1640625
vt 0.984375 0.1640625
vt 0.984375 0.0859375
vt 0.8515625 0.0859375
vt 0.984375 0.0078125
vt 0.8515625 0.0078125
vt 0.96875 0.15625
vt 0.859375 0.15625
vt 0.96875 0.1171875
vt 0.859375 0.1171875
vt 0.859375 0.15625
vt 0.96875 0.15625
vt 0.859375 0.203125
vt 0.96875 0.203125
vt 0.859375 0.0625
vt 0.96875 0.0625
vt 0.859375 0.1171875
vt 0.96875 0.1171875
vt 0.96875 0.0625
vt 0.859375 0.0625
vt 0.96875 0.0078125
vt 0.859375 0.0078125
vt 0.8515625 0.2421875
vt 0.8515625 0.1875
vt 0.953125 0.2421875
vt 0.953125 0.1875
vt 0.953125 0.1171875
vt 0.953125 0.1875
vt 0.8515625 0.1171875
vt 0.8515625 0.1875
vt 0.953125 0.2421875
vt 0.953125 0.296875
vt 0.8515625 0.2421875
vt 0.8515625 0.296875
vt 0.8515625 0.3671875
vt 0.8515625 0.296875
vt 0.953125 0.3671875
vt 0.953125 0.296875
vt 0.859375 0.265625
vt 0.859375 0.234375
vt 0.96875 0.265625
vt 0.96875 0.234375
vt 0.96875 0.203125
vt 0.96875 0.234375
vt 0.859375 0.203125
vt 0.859375 0.234375
vt 0.96875 0.265625
vt 0.96875 0.296875
vt 0.859375 0.265625
vt 0.859375 0.296875
vt 0.859375 0.3359375
vt 0.859375 0.296875
vt 0.96875 0.3359375
vt 0.96875 0.296875
vt 0.8671875 0.265625
vt 0.8671875 0.234375
vt 0.9765625 0.265625
vt 0.9765625 0.234375
vt 0.9765625 0.1953125
vt 0.9765625 0.234375
vt 0.8671875 0.1953125
vt 0.8671875 0.234375
vt 0.9765625 0.265625
vt 0.9765625 0.3046875
vt 0.8671875 0.265625
vt 0.8671875 0.3046875
vt 0.8671875 0.34375
vt 0.8671875 0.3046875
vt 0.9765625 0.34375
vt 0.9765625 0.3046875
vt 0.015625 0.3359375
vt 0.078125 0.28125
vt 0.0703125 0.3359375
vt 0.125 0.28125
vt 0.125 0.28125
vt 0.078125 0.28125
vt 0.0703125 0.3359375
vt 0.015625 0.3359375
vt 0.0703125 0.3359375
vt 0.125 0.28125
vt 0.1171875 0.3359375
vt 0.171875 0.28125
vt 0.171875 0.28125
vt 0.125 0.28125
vt 0.1171875 0.3359375
vt 0.0703125 0.3359375
vt 0.4375 0.640625
vt 0.359375 0.4921875
vt 0.515625 0.4921875
vt 0.4375 0.640625
vt 0.296875 0.640625
vt 0.359375 0.4921875
vt 0.5703125 0.640625
vt 0.4375 0.640625
vt 0.515625 0.4921875
vt 0.3828125 0.453125
vt 0.296875 0.4140625
vt 0.484375 0.4140625
vt 0.296875 0.4140625
vt 0.3828125 0.453125
vt 0.296875 0.53125
vt 0.5703125 0.5078125
vt 0.5703125 0.640625
vt 0.515625 0.4921875
vt 0.3828125 0.453125
vt 0.484375 0.4140625
vt 0.296875 0.4140625
vt 0.296875 0.4140625
vt 0.296875 0.53125
vt 0.3828125 0.453125
vt 0.5703125 0.5078125
vt 0.515625 0.4921875
vt 0.5703125 0.640625
vt 0.0546875 0.03125
vt 0.078125 0.03125
vt 0.0078125 0.1015625
vt 0.109375 0.1015625
vn -0.1644037470185688 0.9816498489271581 -0.09661771094132988
vn -0.1644037470185688 0.9816498489271581 -0.09661771094132988
vn -0.1644037470185688 0.9816498489271581 -0.09661771094132988
vn 0.13943293268808934 0.818847393056125 -0.5568190048545277
vn 0.13943293268808934 0.818847393056125 -0.5568190048545277
vn 0.13943293268808934 0.818847393056125 -0.5568190048545277
vn 0.007292697734906204 0.1433520180470596 -0.9896448936267911
vn 0.007292697734906204 0.1433520180470596 -0.9896448936267911
vn 0.007292697734906204 0.1433520180470596 -0.9896448936267911
vn -0.6102909998644893 -0.7916969600949746 -0.02758294510704218
vn -0.6102909998644893 -0.7916969600949746 -0.02758294510704218
vn -0.6102909998644893 -0.7916969600949746 -0.02758294510704218
vn -0.7292864331506401 0.2877839509162408 0.6207428582089815
vn -0.7292864331506401 0.2877839509162408 0.6207428582089815
vn -0.7292864331506401 0.2877839509162408 0.6207428582089815
vn -0.7056849712252202 0.704137932645222 0.07873050994991007
vn -0.7056849712252202 0.704137932645222 0.07873050994991007
vn -0.7056849712252202 0.704137932645222 0.07873050994991007
vn -0.6511662544407604 -0.6821671067493906 -0.3326117068696715
vn -0.6511662544407604 -0.6821671067493906 -0.3326117068696715
vn -0.6511662544407604 -0.6821671067493906 -0.3326117068696715
vn -0.5742143336037585 -0.6872920922333654 -0.444867934377692
vn -0.5742143336037585 -0.6872920922333654 -0.444867934377692
vn -0.5742143336037585 -0.6872920922333654 -0.444867934377692
vn 0.8245750704102639 -0.047926351651442864 0.5637189176134598
vn 0.8245750704102639 -0.047926351651442864 0.5637189176134598
vn 0.8245750704102639 -0.047926351651442864 0.5637189176134598
vn 0.01001275706649511 0.4905387477541446 0.8713618545975736
vn 0.01001275706649511 0.4905387477541446 0.8713618545975736
vn 0.01001275706649511 0.4905387477541446 0.8713618545975736
vn 0.5971825779376723 0.00881311120080222 0.8020569167326457
vn 0.5971825779376723 0.00881311120080222 0.8020569167326457
vn 0.5971825779376723 0.00881311120080222 0.8020569167326457
vn 0.3731532741702287 0.20599606902544185 0.9046116589576455
vn 0.3731532741702287 0.20599606902544185 0.9046116589576455
vn 0.3731532741702287 0.20599606902544185 0.9046116589576455
vn 0.7363005439216339 -0.5616124989457723 -0.377429344445541
vn 0.7363005439216339 -0.5616124989457723 -0.377429344445541
vn 0.7363005439216339 -0.5616124989457723 -0.377429344445541
vn 0.6329732976391674 0.6767577957220746 0.37595703265825026
vn 0.6329732976391674 0.6767577957220746 0.37595703265825026
vn 0.6329732976391674 0.6767577957220746 0.37595703265825026
vn -0.25088634587765635 0.783232494504054 -0.5688610559751074
vn -0.25088634587765635 0.783232494504054 -0.5688610559751074
vn -0.25088634587765635 0.783232494504054 -0.5688610559751074
vn 0.198573037207688 0.18076051701156556 0.9632727466215504
vn 0.198573037207688 0.18076051701156556 0.9632727466215504
vn 0.198573037207688 0.18076051701156556 0.9632727466215504
vn -0.6504905972376074 0.7302515677924551 0.20879327250206614
vn -0.6504905972376074 0.7302515677924551 0.20879327250206614
vn -0.6504905972376074 0.7302515677924551 0.20879327250206614
vn 0.9781868122959163 -0.17298874720937868 -0.11500197211041065
vn 0.9781868122959163 -0.17298874720937868 -0.11500197211041065
vn 0.9781868122959163 -0.17298874720937868 -0.11500197211041065
vn 0.9223091357702083 -0.2103637252087697 -0.32418044541751834
vn 0.9223091357702083 -0.2103637252087697 -0.32418044541751834
vn 0.9223091357702083 -0.2103637252087697 -0.32418044541751834
vn -0.5157628777611882 0.8438965878124314 0.14774032287101976
vn -0.5157628777611882 0.8438965878124314 0.14774032287101976
vn -0.5157628777611882 0.8438965878124314 0.14774032287101976
vn 0.574044468004937 -0.5750114937651192 -0.5829534550810511
vn 0.574044468004937 -0.5750114937651192 -0.5829534550810511
vn 0.574044468004937 -0.5750114937651192 -0.5829534550810511
vn 0.27028009825375593 0.9263633671231865 0.2622967413829852
vn 0.27028009825375593 0.9263633671231865 0.2622967413829852
vn 0.27028009825375593 0.9263633671231865 0.2622967413829852
vn 0.5615837544864225 -0.8154084044106144 -0.14047355876986148
vn 0.5615837544864225 -0.8154084044106144 -0.14047355876986148
vn 0.5615837544864225 -0.8154084044106144 -0.14047355876986148
vn 0.07684006529724595 0.20750342276413766 -0.9752117379863118
vn 0.07684006529724595 0.20750342276413766 -0.9752117379863118
vn 0.07684006529724595 0.20750342276413766 -0.9752117379863118
vn -0.7581757948216682 0.6001498138855575 0.25493070634912185
vn -0.7581757948216682 0.6001498138855575 0.25493070634912185
vn -0.7581757948216682 0.6001498138855575 0.25493070634912185
vn -0.8097593989371857 0.575513496666417 -0.11434129170024956
vn -0.8097593989371857 0.575513496666417 -0.11434129170024956
vn -0.8097593989371857 0.575513496666417 -0.11434129170024956
vn 0.07388377398164217 -0.3683680399911622 0.9267395400301529
vn 0.07388377398164217 -0.3683680399911622 0.9267395400301529
vn 0.07388377398164217 -0.3683680399911622 0.9267395400301529
vn -0.23823322378011144 -0.3067160251622801 0.9215043195753273
vn -0.23823322378011144 -0.3067160251622801 0.9215043195753273
vn -0.23823322378011144 -0.3067160251622801 0.9215043195753273
vn 0.5409259873542612 -0.8082876917147077 -0.2325297478331045
vn 0.5409259873542612 -0.8082876917147077 -0.2325297478331045
vn 0.5409259873542612 -0.8082876917147077 -0.2325297478331045
vn -0.061025039021300936 0.5405275284076647 -0.8391102047085054
vn -0.061025039021300936 0.5405275284076647 -0.8391102047085054
vn -0.061025039021300936 0.5405275284076647 -0.8391102047085054
vn 0.9225287070888618 0.3429389979321063 -0.1770130737947787
vn 0.9225287070888618 0.3429389979321063 -0.1770130737947787
vn 0.9225287070888618 0.3429389979321063 -0.1770130737947787
vn 0.6426509001803449 -0.18348851740265176 -0.7438627457258289
vn 0.6426509001803449 -0.18348851740265176 -0.7438627457258289
vn 0.6426509001803449 -0.18348851740265176 -0.7438627457258289
vn -0.7425910329027073 0.6401959739203897 -0.196742656352439
vn -0.7425910329027073 0.6401959739203897 -0.196742656352439
vn -0.7425910329027073 0.6401959739203897 -0.196742656352439
vn 0.43259279911612936 -0.8593900003372694 -0.2726028200022517
vn 0.43259279911612936 -0.8593900003372694 -0.2726028200022517
vn 0.43259279911612936 -0.8593900003372694 -0.2726028200022517
vn 0.4256419214800849 -0.8452217526012122 -0.32315498388308395
vn 0.4256419214800849 -0.8452217526012122 -0.32315498388308395
vn 0.4256419214800849 -0.8452217526012122 -0.32315498388308395
vn -0.9687337215260892 0.10048904948541974 0.22684119491778942
vn -0.9687337215260892 0.10048904948541974 0.22684119491778942
vn -0.9687337215260892 0.10048904948541974 0.22684119491778942
vn -0.9150966625437973 0.06760204000553578 0.3975274360195702
vn -0.9150966625437973 0.06760204000553578 0.3975274360195702
vn -0.9150966625437973 0.06760204000553578 0.3975274360195702
vn -0.18385222505486534 0.969173667246781 0.16401451782632193
vn -0.18385222505486534 0.969173667246781 0.16401451782632193
vn -0.18385222505486534 0.969173667246781 0.16401451782632193
vn -0.6691714590615919 -0.22151525535092953 -0.7093240091976252
vn -0.6691714590615919 -0.22151525535092953 -0.7093240091976252
vn -0.6691714590615919 -0.22151525535092953 -0.7093240091976252
vn -0.40533239267061866 -0.5590120639159227 -0.7233333697876602
vn -0.40533239267061866 -0.5590120639159227 -0.7233333697876602
vn -0.40533239267061866 -0.5590120639159227 -0.7233333697876602
vn 0.3689693588793863 0.9107890322275319 0.18526994084894247
vn 0.3689693588793863 0.9107890322275319 0.18526994084894247
vn 0.3689693588793863 0.9107890322275319 0.18526994084894247
vn 0.6148793907555259 0.7161414272028815 -0.33024958905036256
vn 0.6148793907555259 0.7161414272028815 -0.33024958905036256
vn 0.6148793907555259 0.7161414272028815 -0.33024958905036256
vn 0.9001938036901314 0.0224302241753752 -0.43491148621453524
vn 0.9001938036901314 0.0224302241753752 -0.43491148621453524
vn 0.9001938036901314 0.0224302241753752 -0.43491148621453524
vn -0.5375245878009585 -0.2924233414220363 -0.7909209232919439
vn -0.5375245878009585 -0.2924233414220363 -0.7909209232919439
vn -0.5375245878009585 -0.2924233414220363 -0.7909209232919439
vn 0.3252410505245157 -0.9144637940608046 -0.24077838027038037
vn 0.3252410505245157 -0.9144637940608046 -0.24077838027038037
vn 0.3252410505245157 -0.9144637940608046 -0.24077838027038037
vn -0.702518394887661 -0.5258892709886425 -0.4794876218459643
vn -0.702518394887661 -0.5258892709886425 -0.4794876218459643
vn -0.702518394887661 -0.5258892709886425 -0.4794876218459643
vn 0.13963952515055156 -0.9096289182292694 0.3912493247748521
vn 0.13963952515055156 -0.9096289182292694 0.3912493247748521
vn 0.13963952515055156 -0.9096289182292694 0.3912493247748521
vn -0.22911808190703942 0.10988772057399541 0.9671760922449907
vn -0.22911808190703942 0.10988772057399541 0.9671760922449907
vn -0.22911808190703942 0.10988772057399541 0.9671760922449907
vn 0.39262858646940185 0.4921885209728891 0.7769126417490961
vn 0.39262858646940185 0.4921885209728891 0.7769126417490961
vn 0.39262858646940185 0.4921885209728891 0.7769126417490961
vn 0.5768405856262943 -0.7945683682770841 0.1895152946540361
vn 0.5768405856262943 -0.7945683682770841 0.1895152946540361
vn 0.5768405856262943 -0.7945683682770841 0.1895152946540361
vn 0.5539035141496235 -0.8301840335245169 0.06312976709652791
vn 0.5539035141496235 -0.8301840335245169 0.06312976709652791
vn 0.5539035141496235 -0.8301840335245169 0.06312976709652791
vn -0.97427230629833 0.19170683535083913 0.11849878674442063
vn -0.97427230629833 0.19170683535083913 0.11849878674442063
vn -0.97427230629833 0.19170683535083913 0.11849878674442063
vn -0.2674691060321553 0.7477247657057036 0.6077564907664175
vn -0.2674691060321553 0.7477247657057036 0.6077564907664175
vn -0.2674691060321553 0.7477247657057036 0.6077564907664175
vn -0.8585587976836905 0.30845398561882476 0.40955210862086605
vn -0.8585587976836905 0.30845398561882476 0.40955210862086605
vn -0.8585587976836905 0.30845398561882476 0.40955210862086605
vn -0.6493630957248889 0.5481519658545749 0.5271214207754733
vn -0.6493630957248889 0.5481519658545749 0.5271214207754733
vn -0.6493630957248889 0.5481519658545749 0.5271214207754733
vn -0.6505407765899033 -0.5822344489373388 -0.4876471516008672
vn -0.6505407765899033 -0.5822344489373388 -0.4876471516008672
vn -0.6505407765899033 -0.5822344489373388 -0.4876471516008672
vn -0.7913874265209008 0.6007680203879787 -0.11306514415917629
vn -0.7913874265209008 0.6007680203879787 -0.11306514415917629
vn -0.7913874265209008 0.6007680203879787 -0.11306514415917629
vn 0.25633152804823606 0.8433685133444703 -0.4722538495635526
vn 0.25633152804823606 0.8433685133444703 -0.4722538495635526
vn 0.25633152804823606 0.8433685133444703 -0.4722538495635526
vn -0.689109700965888 0.22189567070356975 0.6898479045106375
vn -0.689109700965888 0.22189567070356975 0.6898479045106375
vn -0.689109700965888 0.22189567070356975 0.6898479045106375
vn 0.23194486147248786 0.8607894272929677 0.45303768397027755
vn 0.23194486147248786 0.8607894272929677 0.45303768397027755
vn 0.23194486147248786 0.8607894272929677 0.45303768397027755
vn -0.6720132777099788 -0.35492473573157296 -0.6499435256600101
vn -0.6720132777099788 -0.35492473573157296 -0.6499435256600101
vn -0.6720132777099788 -0.35492473573157296 -0.6499435256600101
vn -0.5541875477261827 -0.3810813803980803 -0.7400359068715066
vn -0.5541875477261827 -0.3810813803980803 -0.7400359068715066
vn -0.5541875477261827 -0.3810813803980803 -0.7400359068715066
vn 0.09407106165683396 0.9637740977258346 0.24957989484633925
vn 0.09407106165683396 0.9637740977258346 0.24957989484633925
vn 0.09407106165683396 0.9637740977258346 0.24957989484633925
vn -0.07162990326250766 -0.6402762447490231 -0.7647976774080141
vn -0.07162990326250766 -0.6402762447490231 -0.7647976774080141
vn -0.07162990326250766 -0.6402762447490231 -0.7647976774080141
vn -0.4459283301062073 0.8945956128179091 0.029096631001528327
vn -0.4459283301062073 0.8945956128179091 0.029096631001528327
vn -0.4459283301062073 0.8945956128179091 0.029096631001528327
vn -0.28289794731505796 -0.7114956927104866 -0.6432282881367636
vn -0.28289794731505796 -0.7114956927104866 -0.6432282881367636
vn -0.28289794731505796 -0.7114956927104866 -0.6432282881367636
vn 0.6069749529147951 0.47540679068143465 -0.6368436149543001
vn 0.6069749529147951 0.47540679068143465 -0.6368436149543001
vn 0.6069749529147951 0.47540679068143465 -0.6368436149543001
vn 0.7555352316495341 0.45288782515075565 0.47334884764463486
vn 0.7555352316495341 0.45288782515075565 0.47334884764463486
vn 0.7555352316495341 0.45288782515075565 0.47334884764463486
vn 0.48219560558668 0.4143602760559154 0.771876259240923
vn 0.48219560558668 0.4143602760559154 0.771876259240923
vn 0.48219560558668 0.4143602760559154 0.771876259240923
vn -0.2397977691529631 -0.44973259822165107 0.8603706294417919
vn -0.2397977691529631 -0.44973259822165107 0.8603706294417919
vn -0.2397977691529631 -0.44973259822165107 0.8603706294417919
vn -0.5497049853607844 -0.5572294759421477 0.6223501749101862
vn -0.5497049853607844 -0.5572294759421477 0.6223501749101862
vn -0.5497049853607844 -0.5572294759421477 0.6223501749101862
vn -0.6584445915680971 -0.6683871232768877 -0.34599042367147725
vn -0.6584445915680971 -0.6683871232768877 -0.34599042367147725
vn -0.6584445915680971 -0.6683871232768877 -0.34599042367147725
vn 0.5155354612949495 0.21245406051742247 -0.8301123178926229
vn 0.5155354612949495 0.21245406051742247 -0.8301123178926229
vn 0.5155354612949495 0.21245406051742247 -0.8301123178926229
vn -0.7167896169526623 0.47517655209222054 -0.5103135206621561
vn -0.7167896169526623 0.47517655209222054 -0.5103135206621561
vn -0.7167896169526623 0.47517655209222054 -0.5103135206621561
vn -0.31926565832218795 -0.4008969299978804 -0.8586914992792083
vn -0.31926565832218795 -0.4008969299978804 -0.8586914992792083
vn -0.31926565832218795 -0.4008969299978804 -0.8586914992792083
vn 0.8837084292133754 0.46803469090644556 0.0017147143600321844
vn 0.8837084292133754 0.46803469090644556 0.0017147143600321844
vn 0.8837084292133754 0.46803469090644556 0.0017147143600321844
vn -0.4879420266550047 -0.8512316113943462 -0.19317691991227015
vn -0.4879420266550047 -0.8512316113943462 -0.19317691991227015
vn -0.4879420266550047 -0.8512316113943462 -0.19317691991227015
vn -0.44843276240458757 -0.8573888330963307 -0.25257166603541015
vn -0.44843276240458757 -0.8573888330963307 -0.25257166603541015
vn -0.44843276240458757 -0.8573888330963307 -0.25257166603541015
vn 0.8100333239502935 0.10068542542211635 0.5776750463691559
vn 0.8100333239502935 0.10068542542211635 0.5776750463691559
vn 0.8100333239502935 0.10068542542211635 0.5776750463691559
vn 0.6638197473335595 0.1348862831670496 0.7356283257619896
vn 0.6638197473335595 0.1348862831670496 0.7356283257619896
vn 0.6638197473335595 0.1348862831670496 0.7356283257619896
vn 0.07024554099740005 0.9967363386682933 -0.039777319518891255
vn 0.07024554099740005 0.9967363386682933 -0.039777319518891255
vn 0.07024554099740005 0.9967363386682933 -0.039777319518891255
vn 0.8492436233451728 -0.4311963528670234 -0.3047211405231673
vn 0.8492436233451728 -0.4311963528670234 -0.3047211405231673
vn 0.8492436233451728 -0.4311963528670234 -0.3047211405231673
vn 0.7741398293090752 -0.5460795218986316 -0.32016352140785415
vn 0.7741398293090752 -0.5460795218986316 -0.32016352140785415
vn 0.7741398293090752 -0.5460795218986316 -0.32016352140785415
vn -0.47439926989272874 -0.6932938713449024 -0.5424840464758792
vn -0.47439926989272874 -0.6932938713449024 -0.5424840464758792
vn -0.47439926989272874 -0.6932938713449024 -0.5424840464758792
vn 0.2561795722390233 -0.9150018730851561 -0.31167867912015934
vn 0.2561795722390233 -0.9150018730851561 -0.31167867912015934
vn 0.2561795722390233 -0.9150018730851561 -0.31167867912015934
vn -0.18727783507059848 -0.9302782837679667 -0.31545099023619483
vn -0.18727783507059848 -0.9302782837679667 -0.31545099023619483
vn -0.18727783507059848 -0.9302782837679667 -0.31545099023619483
vn 0.03545397927526592 -0.9652139043541577 -0.2590465869200977
vn 0.03545397927526592 -0.9652139043541577 -0.2590465869200977
vn 0.03545397927526592 -0.9652139043541577 -0.2590465869200977
vn 0.8265151589130809 -0.37706778400697044 0.4179624126054366
vn 0.8265151589130809 -0.37706778400697044 0.4179624126054366
vn 0.8265151589130809 -0.37706778400697044 0.4179624126054366
vn -0.007153611776949713 -0.03909321954575482 0.999209960931181
vn -0.007153611776949713 -0.03909321954575482 0.999209960931181
vn -0.007153611776949713 -0.03909321954575482 0.999209960931181
vn -0.09427437381316475 0.036331769830757824 0.9948830810417376
vn -0.09427437381316475 0.036331769830757824 0.9948830810417376
vn -0.09427437381316475 0.036331769830757824 0.9948830810417376
vn -0.23015594609089657 -0.059773892493199636 0.9713162833265051
vn -0.23015594609089657 -0.059773892493199636 0.9713162833265051
vn -0.23015594609089657 -0.059773892493199636 0.9713162833265051
vn -0.686818097936087 0.6785136811041599 0.2605764473277241
vn -0.686818097936087 0.6785136811041599 0.2605764473277241
vn -0.686818097936087 0.6785136811041599 0.2605764473277241
vn -0.0025006124796222795 -0.17073428344599298 0.9853139354507325
vn -0.0025006124796222795 -0.17073428344599298 0.9853139354507325
vn -0.0025006124796222795 -0.17073428344599298 0.9853139354507325
vn -0.23586708742412 -0.9583230195414532 0.16119462549047475
vn -0.23586708742412 -0.9583230195414532 0.16119462549047475
vn -0.23586708742412 -0.9583230195414532 0.16119462549047475
vn -0.9991255036920415 0.03892441556211765 0.01526819390994839
vn -0.9991255036920415 0.03892441556211765 0.01526819390994839
vn -0.9991255036920415 0.03892441556211765 0.01526819390994839
vn -0.8171191098508193 -0.3934081438474323 0.4213625430328647
vn -0.8171191098508193 -0.3934081438474323 0.4213625430328647
vn -0.8171191098508193 -0.3934081438474323 0.4213625430328647
vn -0.025737011658057453 0.054714142963454566 -0.9981703105135353
vn -0.025737011658057453 0.054714142963454566 -0.9981703105135353
vn -0.025737011658057453 0.054714142963454566 -0.9981703105135353
vn -0.022102876956914732 -0.2802634766675319 -0.9596686128432331
vn -0.022102876956914732 -0.2802634766675319 -0.9596686128432331
vn -0.022102876956914732 -0.2802634766675319 -0.9596686128432331
vn -0.4768089664653023 0.6082677261203198 0.6345577852794069
vn -0.4768089664653023 0.6082677261203198 0.6345577852794069
vn -0.4768089664653023 0.6082677261203198 0.6345577852794069
vn -0.027764500192521708 0.6105177809965385 0.7915157431258851
vn -0.027764500192521708 0.6105177809965385 0.7915157431258851
vn -0.027764500192521708 0.6105177809965385 0.7915157431258851
vn -0.24001836761266443 0.6970086689272158 -0.6756997104105216
vn -0.24001836761266443 0.6970086689272158 -0.6756997104105216
vn -0.24001836761266443 0.6970086689272158 -0.6756997104105216
vn -0.03276692759601525 0.9881740382032863 -0.14979452151840447
vn -0.03276692759601525 0.9881740382032863 -0.14979452151840447
vn -0.03276692759601525 0.9881740382032863 -0.14979452151840447
vn -0.9265618427727581 0.35685676734708116 0.11889659001057237
vn -0.9265618427727581 0.35685676734708116 0.11889659001057237
vn -0.9265618427727581 0.35685676734708116 0.11889659001057237
vn -0.061191383010169534 -0.9710087658904447 0.23107918817846437
vn -0.061191383010169534 -0.9710087658904447 0.23107918817846437
vn -0.061191383010169534 -0.9710087658904447 0.23107918817846437
vn 0.32096647817137625 0.05261096292879459 -0.9456281544401944
vn 0.32096647817137625 0.05261096292879459 -0.9456281544401944
vn 0.32096647817137625 0.05261096292879459 -0.9456281544401944
vn -0.053046156872888356 -0.9440040197330385 -0.3256416987562894
vn -0.053046156872888356 -0.9440040197330385 -0.3256416987562894
vn -0.053046156872888356 -0.9440040197330385 -0.3256416987562894
vn 0.03544242637473485 -0.9619200114028768 -0.2710234788267629
vn 0.03544242637473485 -0.9619200114028768 -0.2710234788267629
vn 0.03544242637473485 -0.9619200114028768 -0.2710234788267629
vn -0.09592523299744754 0.9946318138053345 0.038805987175898865
vn -0.09592523299744754 0.9946318138053345 0.038805987175898865
vn -0.09592523299744754 0.9946318138053345 0.038805987175898865
vn -0.5796730369593811 0.23562448612217418 0.7800386347880143
vn -0.5796730369593811 0.23562448612217418 0.7800386347880143
vn -0.5796730369593811 0.23562448612217418 0.7800386347880143
vn -0.43042251264727943 0.9026159005515264 -0.0045822132162731625
vn -0.43042251264727943 0.9026159005515264 -0.0045822132162731625
vn -0.43042251264727943 0.9026159005515264 -0.0045822132162731625
vn -0.9504212171042764 0.23350252284813053 -0.20536816184984552
vn -0.9504212171042764 0.23350252284813053 -0.20536816184984552
vn -0.9504212171042764 0.23350252284813053 -0.20536816184984552
vn 0.21718509501013172 -0.044363461446596204 0.975121796389516
vn 0.21718509501013172 -0.044363461446596204 0.975121796389516
vn 0.21718509501013172 -0.044363461446596204 0.975121796389516
vn 0.6077540503858525 0.7200300082070058 0.33495044636633886
vn 0.6077540503858525 0.7200300082070058 0.33495044636633886
vn 0.6077540503858525 0.7200300082070058 0.33495044636633886
vn 0.2986647459380051 -0.9376282606229038 0.17791181640086434
vn 0.2986647459380051 -0.9376282606229038 0.17791181640086434
vn 0.2986647459380051 -0.9376282606229038 0.17791181640086434
vn 0.9936748625412845 0.1075736271519989 0.032220836347338265
vn 0.9936748625412845 0.1075736271519989 0.032220836347338265
vn 0.9936748625412845 0.1075736271519989 0.032220836347338265
vn 0.04066758313733706 0.05778630941410886 -0.9975003208651436
vn 0.04066758313733706 0.05778630941410886 -0.9975003208651436
vn 0.04066758313733706 0.05778630941410886 -0.9975003208651436
vn 0.05763952719143655 -0.2775164204455488 -0.9589902613104249
vn 0.05763952719143655 -0.2775164204455488 -0.9589902613104249
vn 0.05763952719143655 -0.2775164204455488 -0.9589902613104249
vn 0.42621577765753826 0.652816310629614 0.6262355590763903
vn 0.42621577765753826 0.652816310629614 0.6262355590763903
vn 0.42621577765753826 0.652816310629614 0.6262355590763903
vn 0.2190002475855888 0.7344184433502968 -0.6423927471760383
vn 0.2190002475855888 0.7344184433502968 -0.6423927471760383
vn 0.2190002475855888 0.7344184433502968 -0.6423927471760383
vn 0.9025304560158115 0.42437417456189436 0.07311180430547601
vn 0.9025304560158115 0.42437417456189436 0.07311180430547601
vn 0.9025304560158115 0.42437417456189436 0.07311180430547601
vn 0.12679159600007683 -0.9624810187491751 0.23990452211516
vn 0.12679159600007683 -0.9624810187491751 0.23990452211516
vn 0.12679159600007683 -0.9624810187491751 0.23990452211516
vn 0.028044950032281017 -0.9140390693539749 0.4046554836798907
vn 0.028044950032281017 -0.9140390693539749 0.4046554836798907
vn 0.028044950032281017 -0.9140390693539749 0.4046554836798907
vn -0.3159755462451754 0.02913032839207877 -0.948320029390307
vn -0.3159755462451754 0.02913032839207877 -0.948320029390307
vn -0.3159755462451754 0.02913032839207877 -0.948320029390307
vn 0.12551359803757833 -0.9372161009466605 -0.3253802649731548
vn 0.12551359803757833 -0.9372161009466605 -0.3253802649731548
vn 0.12551359803757833 -0.9372161009466605 -0.3253802649731548
vn 0.02658362244224566 0.9988520478894095 0.03984843089734979
vn 0.02658362244224566 0.9988520478894095 0.03984843089734979
vn 0.02658362244224566 0.9988520478894095 0.03984843089734979
vn 0.5418508075225384 0.3135843289940737 0.779783669357412
vn 0.5418508075225384 0.3135843289940737 0.779783669357412
vn 0.5418508075225384 0.3135843289940737 0.779783669357412
vn 0.07451029038906164 0.036268177969717534 0.9965605028762151
vn 0.07451029038906164 0.036268177969717534 0.9965605028762151
vn 0.07451029038906164 0.036268177969717534 0.9965605028762151
vn 0.3673084693663868 0.9300965710826442 0.0022038130659687884
vn 0.3673084693663868 0.9300965710826442 0.0022038130659687884
vn 0.3673084693663868 0.9300965710826442 0.0022038130659687884
vn 0.9545679526393598 0.260705138787197 -0.14433590822747266
vn 0.9545679526393598 0.260705138787197 -0.14433590822747266
vn 0.9545679526393598 0.260705138787197 -0.14433590822747266
vn -0.18940286392862524 -0.5237146035014493 -0.8305718326640716
vn -0.18940286392862524 -0.5237146035014493 -0.8305718326640716
vn -0.18940286392862524 -0.5237146035014493 -0.8305718326640716
vn -0.14623177521553996 0.836125281505303 0.5286877921278207
vn -0.14623177521553996 0.836125281505303 0.5286877921278207
vn -0.14623177521553996 0.836125281505303 0.5286877921278207
vn -0.17743882283025444 0.8416908262948288 0.5099725650304552
vn -0.17743882283025444 0.8416908262948288 0.5099725650304552
vn -0.17743882283025444 0.8416908262948288 0.5099725650304552
vn 0.8653517949249634 -0.35400271365587505 0.3547511095746153
vn 0.8653517949249634 -0.35400271365587505 0.3547511095746153
vn 0.8653517949249634 -0.35400271365587505 0.3547511095746153
vn 0.8463030909076302 0.10535203485655453 0.5221800715000287
vn 0.8463030909076302 0.10535203485655453 0.5221800715000287
vn 0.8463030909076302 0.10535203485655453 0.5221800715000287
vn 0.9169783111827335 -0.03879659671838053 0.3970460941799241
vn 0.9169783111827335 -0.03879659671838053 0.3970460941799241
vn 0.9169783111827335 -0.03879659671838053 0.3970460941799241
vn -0.7461852515835924 -0.6589061096455192 -0.09513311195865669
vn -0.7461852515835924 -0.6589061096455192 -0.09513311195865669
vn -0.7461852515835924 -0.6589061096455192 -0.09513311195865669
vn 0.5434423750107577 0.003844110108348208 -0.8394376736006921
vn 0.5434423750107577 0.003844110108348208 -0.8394376736006921
vn 0.5434423750107577 0.003844110108348208 -0.8394376736006921
vn -0.8609372200398758 -0.333521836099792 -0.3841227512067386
vn -0.8609372200398758 -0.333521836099792 -0.3841227512067386
vn -0.8609372200398758 -0.333521836099792 -0.3841227512067386
vn -0.7836192387072178 0.00587536078891623 0.621213625787072
vn -0.7836192387072178 0.00587536078891623 0.621213625787072
vn -0.7836192387072178 0.00587536078891623 0.621213625787072
vn -0.7811833655818973 -0.33636230384253435 0.5259400630222824
vn -0.7811833655818973 -0.33636230384253435 0.5259400630222824
vn -0.7811833655818973 -0.33636230384253435 0.5259400630222824
vn -0.4655849815408225 -0.20094125952729222 -0.8618893404510913
vn -0.4655849815408225 -0.20094125952729222 -0.8618893404510913
vn -0.4655849815408225 -0.20094125952729222 -0.8618893404510913
vn -0.37562668254184206 0.8938176019383085 -0.2449381346949915
vn -0.37562668254184206 0.8938176019383085 -0.2449381346949915
vn -0.37562668254184206 0.8938176019383085 -0.2449381346949915
vn -0.8640514464750921 -0.353700572176978 -0.3582052527336522
vn -0.8640514464750921 -0.353700572176978 -0.3582052527336522
vn -0.8640514464750921 -0.353700572176978 -0.3582052527336522
vn -0.7684941342907257 -0.09251768948559207 0.6331328791754506
vn -0.7684941342907257 -0.09251768948559207 0.6331328791754506
vn -0.7684941342907257 -0.09251768948559207 0.6331328791754506
vn -0.9486772307568294 0.2723521558523068 0.16073523274675725
vn -0.9486772307568294 0.2723521558523068 0.16073523274675725
vn -0.9486772307568294 0.2723521558523068 0.16073523274675725
vn -0.8601712661020037 -0.1171993400152236 0.49635643208532293
vn -0.8601712661020037 -0.1171993400152236 0.49635643208532293
vn -0.8601712661020037 -0.1171993400152236 0.49635643208532293
vn 0.23352897701375216 -0.2272514752870626 -0.9454210616835039
vn 0.23352897701375216 -0.2272514752870626 -0.9454210616835039
vn 0.23352897701375216 -0.2272514752870626 -0.9454210616835039
vn -0.29145135863620897 0.9305402441148312 0.22170015704058096
vn -0.29145135863620897 0.9305402441148312 0.22170015704058096
vn -0.29145135863620897 0.9305402441148312 0.22170015704058096
vn 0.32431814418537125 -0.7329018789786408 0.5980573359985935
vn 0.32431814418537125 -0.7329018789786408 0.5980573359985935
vn 0.32431814418537125 -0.7329018789786408 0.5980573359985935
vn 0.4757843274158063 0.015597498839831756 -0.8794236702610583
vn 0.4757843274158063 0.015597498839831756 -0.8794236702610583
vn 0.4757843274158063 0.015597498839831756 -0.8794236702610583
vn 0.8110916030855762 -0.4431477493845576 0.3817728167634143
vn 0.8110916030855762 -0.4431477493845576 0.3817728167634143
vn 0.8110916030855762 -0.4431477493845576 0.3817728167634143
vn -0.1352605369312828 -0.010876193615643003 0.9907503699527425
vn -0.1352605369312828 -0.010876193615643003 0.9907503699527425
vn -0.1352605369312828 -0.010876193615643003 0.9907503699527425
vn 0.05978358595433208 -0.4432965858426269 0.8943791476944838
vn 0.05978358595433208 -0.4432965858426269 0.8943791476944838
vn 0.05978358595433208 -0.4432965858426269 0.8943791476944838
vn 0.8973475816898059 -0.43770650625450624 -0.05639443250828187
vn 0.8973475816898059 -0.43770650625450624 -0.05639443250828187
vn 0.8973475816898059 -0.43770650625450624 -0.05639443250828187
vn 0.5192247154616741 0.813302237945141 0.26257411259903063
vn 0.5192247154616741 0.813302237945141 0.26257411259903063
vn 0.5192247154616741 0.813302237945141 0.26257411259903063
vn 0.6065342986210506 -0.6091669761604498 0.5109126537401516
vn 0.6065342986210506 -0.6091669761604498 0.5109126537401516
vn 0.6065342986210506 -0.6091669761604498 0.5109126537401516
vn -0.21521514319737206 -0.17727885864873286 0.9603409021877268
vn -0.21521514319737206 -0.17727885864873286 0.9603409021877268
vn -0.21521514319737206 -0.17727885864873286 0.9603409021877268
vn 0.21379437064148904 0.001717414282383133 0.9768771762970985
vn 0.21379437064148904 0.001717414282383133 0.9768771762970985
vn 0.21379437064148904 0.001717414282383133 0.9768771762970985
vn 0.14879734515615572 -0.3015673696092045 0.9417624284613743
vn 0.14879734515615572 -0.3015673696092045 0.9417624284613743
vn 0.14879734515615572 -0.3015673696092045 0.9417624284613743
vn 0.6478048376718665 -0.2992184076095671 -0.7005834974052142
vn 0.6478048376718665 -0.2992184076095671 -0.7005834974052142
vn 0.6478048376718665 -0.2992184076095671 -0.7005834974052142
vn -0.03898890621858423 0.9155384740487575 0.4003363182729628
vn -0.03898890621858423 0.9155384740487575 0.4003363182729628
vn -0.03898890621858423 0.9155384740487575 0.4003363182729628
vn 0.5886942267560197 0.38702348659290947 0.7096843863363487
vn 0.5886942267560197 0.38702348659290947 0.7096843863363487
vn 0.5886942267560197 0.38702348659290947 0.7096843863363487
vn 0.7186679614712939 -0.19831133757003827 0.6664750367012086
vn 0.7186679614712939 -0.19831133757003827 0.6664750367012086
vn 0.7186679614712939 -0.19831133757003827 0.6664750367012086
vn -0.7423881129263012 0.20425506977575525 -0.6380750396752928
vn -0.7423881129263012 0.20425506977575525 -0.6380750396752928
vn -0.7423881129263012 0.20425506977575525 -0.6380750396752928
vn -0.02600565019360659 -0.9994022347952337 0.02277892105215459
vn -0.02600565019360659 -0.9994022347952337 0.02277892105215459
vn -0.02600565019360659 -0.9994022347952337 0.02277892105215459
vn 0.06400059922251163 -0.6171110881589352 0.7842689769272111
vn 0.06400059922251163 -0.6171110881589352 0.7842689769272111
vn 0.06400059922251163 -0.6171110881589352 0.7842689769272111
vn -0.9209656218471015 -0.3802861910265735 -0.08488071801229204
vn -0.9209656218471015 -0.3802861910265735 -0.08488071801229204
vn -0.9209656218471015 -0.3802861910265735 -0.08488071801229204
vn -0.4308322611490804 -0.015137732761467525 -0.9023050547348236
vn -0.4308322611490804 -0.015137732761467525 -0.9023050547348236
vn -0.4308322611490804 -0.015137732761467525 -0.9023050547348236
vn 0.8651513892861964 -0.3593559198477366 0.34982337898795646
vn 0.8651513892861964 -0.3593559198477366 0.34982337898795646
vn 0.8651513892861964 -0.3593559198477366 0.34982337898795646
vn 0.9247619477188537 -0.24714228423977982 0.28937178748450254
vn 0.9247619477188537 -0.24714228423977982 0.28937178748450254
vn 0.9247619477188537 -0.24714228423977982 0.28937178748450254
vn -0.38231694782555764 0.0441065617877328 -0.9229779859848312
vn -0.38231694782555764 0.0441065617877328 -0.9229779859848312
vn -0.38231694782555764 0.0441065617877328 -0.9229779859848312
vn -0.5936259105148243 0.7285550923387297 -0.3417831999861182
vn -0.5936259105148243 0.7285550923387297 -0.3417831999861182
vn -0.5936259105148243 0.7285550923387297 -0.3417831999861182
vn 0.6677678109827466 0.40253230220495767 0.6261420735718752
vn 0.6677678109827466 0.40253230220495767 0.6261420735718752
vn 0.6677678109827466 0.40253230220495767 0.6261420735718752
vn -0.5275866988314694 0.7436050776886317 -0.41073563718260014
vn -0.5275866988314694 0.7436050776886317 -0.41073563718260014
vn -0.5275866988314694 0.7436050776886317 -0.41073563718260014
vn -0.3072931960599767 0.7692207433885904 0.5602413226422603
vn -0.3072931960599767 0.7692207433885904 0.5602413226422603
vn -0.3072931960599767 0.7692207433885904 0.5602413226422603
vn 0.15594105823621007 0.2027464263139169 0.9667348514319252
vn 0.15594105823621007 0.2027464263139169 0.9667348514319252
vn 0.15594105823621007 0.2027464263139169 0.9667348514319252
vn 0.4169791418608183 0.024062484951636473 0.9085974862781473
vn 0.4169791418608183 0.024062484951636473 0.9085974862781473
vn 0.4169791418608183 0.024062484951636473 0.9085974862781473
vn -0.6840197459364404 0.16866305508445045 -0.7096969501263388
vn -0.6840197459364404 0.16866305508445045 -0.7096969501263388
vn -0.6840197459364404 0.16866305508445045 -0.7096969501263388
vn -0.6738319539714851 0.29945606627628085 -0.6754824662249244
vn -0.6738319539714851 0.29945606627628085 -0.6754824662249244
vn -0.6738319539714851 0.29945606627628085 -0.6754824662249244
vn -0.6172131926591345 -0.6937550340683893 0.3711493331696637
vn -0.6172131926591345 -0.6937550340683893 0.3711493331696637
vn -0.6172131926591345 -0.6937550340683893 0.3711493331696637
vn 0.38941117330378433 -0.5021164315303164 0.7721645079213569
vn 0.38941117330378433 -0.5021164315303164 0.7721645079213569
vn 0.38941117330378433 -0.5021164315303164 0.7721645079213569
vn -0.9236089867278272 -0.24924949567332233 -0.2912406711676627
vn -0.9236089867278272 -0.24924949567332233 -0.2912406711676627
vn -0.9236089867278272 -0.24924949567332233 -0.2912406711676627
vn 0.3884883167482543 -0.6523666881356752 0.6507645749124629
vn 0.3884883167482543 -0.6523666881356752 0.6507645749124629
vn 0.3884883167482543 -0.6523666881356752 0.6507645749124629
vn -0.9261059724807646 0.3612702772785485 -0.10868079172759976
vn -0.9261059724807646 0.3612702772785485 -0.10868079172759976
vn -0.9261059724807646 0.3612702772785485 -0.10868079172759976
vn 0.6402800618589501 -0.414759095556834 -0.6465418277565467
vn 0.6402800618589501 -0.414759095556834 -0.6465418277565467
vn 0.6402800618589501 -0.414759095556834 -0.6465418277565467
vn -0.43860978249942595 0.3244453099313337 0.8380672404761845
vn -0.43860978249942595 0.3244453099313337 0.8380672404761845
vn -0.43860978249942595 0.3244453099313337 0.8380672404761845
vn -0.5047796388850292 0.5104150792572171 0.6961852936064854
vn -0.5047796388850292 0.5104150792572171 0.6961852936064854
vn -0.5047796388850292 0.5104150792572171 0.6961852936064854
vn -0.7378089991598473 0.664662477435886 0.11773560144465507
vn -0.7378089991598473 0.664662477435886 0.11773560144465507
vn -0.7378089991598473 0.664662477435886 0.11773560144465507
vn 0.5571047739210238 -0.7963348735042259 -0.23555262706115912
vn 0.5571047739210238 -0.7963348735042259 -0.23555262706115912
vn 0.5571047739210238 -0.7963348735042259 -0.23555262706115912
vn -0.26802671103667897 -0.41140115488262186 -0.8711548495715934
vn -0.26802671103667897 -0.41140115488262186 -0.8711548495715934
vn -0.26802671103667897 -0.41140115488262186 -0.8711548495715934
vn 0.21498532322886899 -0.8481408847005345 -0.4841883419657819
vn 0.21498532322886899 -0.8481408847005345 -0.4841883419657819
vn 0.21498532322886899 -0.8481408847005345 -0.4841883419657819
vn -0.7667756469360957 0.4778189827954082 -0.42865385446312454
vn -0.7667756469360957 0.4778189827954082 -0.42865385446312454
vn -0.7667756469360957 0.4778189827954082 -0.42865385446312454
vn -0.7443034039887738 0.5178429475349808 -0.42172399089808404
vn -0.7443034039887738 0.5178429475349808 -0.42172399089808404
vn -0.7443034039887738 0.5178429475349808 -0.42172399089808404
vn -0.2444723455608244 0.5047049642376127 -0.8279530006769098
vn -0.2444723455608244 0.5047049642376127 -0.8279530006769098
vn -0.2444723455608244 0.5047049642376127 -0.8279530006769098
vn -0.15764686118656876 0.5441380619576425 -0.824051719667524
vn -0.15764686118656876 0.5441380619576425 -0.824051719667524
vn -0.15764686118656876 0.5441380619576425 -0.824051719667524
vn 0.9307979220266408 -0.04967806049002669 -0.3621426772100146
vn 0.9307979220266408 -0.04967806049002669 -0.3621426772100146
vn 0.9307979220266408 -0.04967806049002669 -0.3621426772100146
vn -0.8935903986452671 0.35511747319057235 -0.2745683515697604
vn -0.8935903986452671 0.35511747319057235 -0.2745683515697604
vn -0.8935903986452671 0.35511747319057235 -0.2745683515697604
vn -0.9578099324615614 -0.16392281777838616 -0.2360708433703173
vn -0.9578099324615614 -0.16392281777838616 -0.2360708433703173
vn -0.9578099324615614 -0.16392281777838616 -0.2360708433703173
vn 0.9341660729685112 0.19517278653910689 0.2987328765120279
vn 0.9341660729685112 0.19517278653910689 0.2987328765120279
vn 0.9341660729685112 0.19517278653910689 0.2987328765120279
vn -0.009074386473564311 -0.9995565109528772 0.028362597233666312
vn -0.009074386473564311 -0.9995565109528772 0.028362597233666312
vn -0.009074386473564311 -0.9995565109528772 0.028362597233666312
vn -0.8033390836884902 -0.3721335918946323 0.46493322789636815
vn -0.8033390836884902 -0.3721335918946323 0.46493322789636815
vn -0.8033390836884902 -0.3721335918946323 0.46493322789636815
vn 0.44713972933265833 -0.15466004241429404 0.8809916763129636
vn 0.44713972933265833 -0.15466004241429404 0.8809916763129636
vn 0.44713972933265833 -0.15466004241429404 0.8809916763129636
vn 0.9874290220377397 -0.1488420068085253 -0.05319758873110752
vn 0.9874290220377397 -0.1488420068085253 -0.05319758873110752
vn 0.9874290220377397 -0.1488420068085253 -0.05319758873110752
vn -0.7497458550722624 -0.4278481655612004 -0.5048040214062064
vn -0.7497458550722624 -0.4278481655612004 -0.5048040214062064
vn -0.7497458550722624 -0.4278481655612004 -0.5048040214062064
vn -0.7332488971329609 -0.39619261441714093 -0.552609687876178
vn -0.7332488971329609 -0.39619261441714093 -0.552609687876178
vn -0.7332488971329609 -0.39619261441714093 -0.552609687876178
vn 0.9874469606862362 -0.12331798633951004 -0.09869738637209782
vn 0.9874469606862362 -0.12331798633951004 -0.09869738637209782
vn 0.9874469606862362 -0.12331798633951004 -0.09869738637209782
vn 0.6650989012314472 0.7302690100789859 0.15604686635424442
vn 0.6650989012314472 0.7302690100789859 0.15604686635424442
vn 0.6650989012314472 0.7302690100789859 0.15604686635424442
vn -0.8382331755483969 0.3158172975052387 -0.4445498599780882
vn -0.8382331755483969 0.3158172975052387 -0.4445498599780882
vn -0.8382331755483969 0.3158172975052387 -0.4445498599780882
vn 0.7189836673225142 0.6950180099946707 -0.003528725905524244
vn 0.7189836673225142 0.6950180099946707 -0.003528725905524244
vn 0.7189836673225142 0.6950180099946707 -0.003528725905524244
vn -0.30928667875544874 0.7399844406602828 0.5972978971376949
vn -0.30928667875544874 0.7399844406602828 0.5972978971376949
vn -0.30928667875544874 0.7399844406602828 0.5972978971376949
vn -0.9278946015586155 0.21118270071802303 0.3072677583408649
vn -0.9278946015586155 0.21118270071802303 0.3072677583408649
vn -0.9278946015586155 0.21118270071802303 0.3072677583408649
vn -0.9851329193431577 0.16320241767042157 -0.05364794584097904
vn -0.9851329193431577 0.16320241767042157 -0.05364794584097904
vn -0.9851329193431577 0.16320241767042157 -0.05364794584097904
vn 0.9551074916989111 0.19933695707344082 0.21916764552578358
vn 0.9551074916989111 0.19933695707344082 0.21916764552578358
vn 0.9551074916989111 0.19933695707344082 0.21916764552578358
vn 0.9118768016988148 0.2812373352536588 0.29897534979151963
vn 0.9118768016988148 0.2812373352536588 0.29897534979151963
vn 0.9118768016988148 0.2812373352536588 0.29897534979151963
vn 0.09970995698433072 -0.7311460909230731 0.6748950423629531
vn 0.09970995698433072 -0.7311460909230731 0.6748950423629531
vn 0.09970995698433072 -0.7311460909230731 0.6748950423629531
vn -0.9236985064646397 -0.3640213097689031 0.11945524345597378
vn -0.9236985064646397 -0.3640213097689031 0.11945524345597378
vn -0.9236985064646397 -0.3640213097689031 0.11945524345597378
vn 0.6792412186247735 -0.14931104606855672 0.7185663354506987
vn 0.6792412186247735 -0.14931104606855672 0.7185663354506987
vn 0.6792412186247735 -0.14931104606855672 0.7185663354506987
vn -0.7586163881593134 -0.646206259995996 0.08317839357732976
vn -0.7586163881593134 -0.646206259995996 0.08317839357732976
vn -0.7586163881593134 -0.646206259995996 0.08317839357732976
vn 0.5868150633652405 0.4539602729233733 0.6704984355052481
vn 0.5868150633652405 0.4539602729233733 0.6704984355052481
vn 0.5868150633652405 0.4539602729233733 0.6704984355052481
vn 0.3173784289666516 -0.5672315908837535 -0.7599468765184486
vn 0.3173784289666516 -0.5672315908837535 -0.7599468765184486
vn 0.3173784289666516 -0.5672315908837535 -0.7599468765184486
vn -0.45315132443859046 0.6107605816864343 0.6493268737836129
vn -0.45315132443859046 0.6107605816864343 0.6493268737836129
vn -0.45315132443859046 0.6107605816864343 0.6493268737836129
vn -0.30884075509366055 0.7431346857012193 0.5936061210103275
vn -0.30884075509366055 0.7431346857012193 0.5936061210103275
vn -0.30884075509366055 0.7431346857012193 0.5936061210103275
vn 0.24603912518825696 0.7625127522907418 0.5983636448436646
vn 0.24603912518825696 0.7625127522907418 0.5983636448436646
vn 0.24603912518825696 0.7625127522907418 0.5983636448436646
vn -0.13547374600771797 -0.9063956337279562 -0.40011725694042877
vn -0.13547374600771797 -0.9063956337279562 -0.40011725694042877
vn -0.13547374600771797 -0.9063956337279562 -0.40011725694042877
vn 0.8499408848459967 -0.5219912460279091 -0.07159351463250682
vn 0.8499408848459967 -0.5219912460279091 -0.07159351463250682
vn 0.8499408848459967 -0.5219912460279091 -0.07159351463250682
vn 0.23902713969649603 -0.9482801444384567 -0.2088798557838725
vn 0.23902713969649603 -0.9482801444384567 -0.2088798557838725
vn 0.23902713969649603 -0.9482801444384567 -0.2088798557838725
vn 0.8047800050524876 0.48126658716161747 0.34743577183348195
vn 0.8047800050524876 0.48126658716161747 0.34743577183348195
vn 0.8047800050524876 0.48126658716161747 0.34743577183348195
vn 0.6859967157856552 0.676284734901798 0.26841658531115314
vn 0.6859967157856552 0.676284734901798 0.26841658531115314
vn 0.6859967157856552 0.676284734901798 0.26841658531115314
vn 0.6616824828990338 0.6834110580093082 -0.3084244115098021
vn 0.6616824828990338 0.6834110580093082 -0.3084244115098021
vn 0.6616824828990338 0.6834110580093082 -0.3084244115098021
vn 0.8742245061532189 0.48407666123565257 -0.03743392696610435
vn 0.8742245061532189 0.48407666123565257 -0.03743392696610435
vn 0.8742245061532189 0.48407666123565257 -0.03743392696610435
vn -0.31361175368492417 -0.0019278772425083803 -0.9495493411297827
vn -0.31361175368492417 -0.0019278772425083803 -0.9495493411297827
vn -0.31361175368492417 -0.0019278772425083803 -0.9495493411297827
vn 0.7914876421834818 -0.2222683452188126 0.5693365393021276
vn 0.786139079329429 -0.1891866942453153 0.5883823099580812
vn 0.786139079329429 -0.1891866942453153 0.5883823099580812
vn 0.779597048791568 -0.1557039032033366 0.6066174544494441
vn -0.06807128260184594 0.3088809513588717 0.9486616142611537
vn -0.08222973455605224 0.31921515291465846 0.9441080218409927
vn -0.08222973455605224 0.31921515291465846 0.9441080218409927
vn -0.11018317228506228 0.33936742058125885 0.9341784745931707
vn -0.46001102834497565 -0.1941170216465348 -0.8664343227897178
vn -0.46001109909325616 -0.19411702634896394 -0.8664342841741952
vn -0.46001109909325616 -0.19411702634896394 -0.8664342841741952
vn -0.460011212841383 -0.1941170687479278 -0.8664342142834112
vn 0.23442444415332964 -0.6194819267466619 0.7491911120786509
vn 0.24203264649724962 -0.6157013757748657 0.7498880009031181
vn 0.24203264649724962 -0.6157013757748657 0.7498880009031181
vn 0.24847856474370494 -0.612456329366928 0.7504369710250804
vn -0.625032075636256 -0.37770665195751807 0.6831343861151156
vn -0.6164703821096879 -0.3795563191867145 0.6898559766697453
vn -0.6164703821096879 -0.3795563191867145 0.6898559766697453
vn -0.6058103611240068 -0.38177336327615774 0.6980278686754646
vn -0.2294971244808754 0.2913437247293396 -0.9286818098336179
vn -0.21641379974840622 0.29185292637262367 -0.9316581651261329
vn -0.21641379974840622 0.29185292637262367 -0.9316581651261329
vn -0.20729240669914492 0.2921759769394711 -0.9336289716072128
vn -0.8922809913532063 0.44342368617909744 0.08491211341782022
vn -0.9050804910879278 0.418790337565451 0.07378318110417253
vn -0.9050804910879278 0.418790337565451 0.07378318110417253
vn -0.912865032878701 0.40279104872915655 0.06660932975968407
vn 0.6483284856465671 -0.5419075510290424 -0.5347956439958489
vn 0.6451287809514495 -0.5365599347165527 -0.5439782095314714
vn 0.6451287809514495 -0.5365599347165527 -0.5439782095314714
vn 0.6425251998723488 -0.5322561891537441 -0.5512392553479223
vn -0.9737564467482092 0.10119320599935634 0.20385857224034948
vn -0.9748432046445091 0.09412826603706641 0.20204107476272962
vn -0.9748432046445091 0.09412826603706641 0.20204107476272962
vn -0.9760320320383002 0.08596457658805863 0.19992889737909855
vn -0.30068579085344166 0.6013199044802598 0.7402718606395164
vn -0.2785841455340415 0.6115922179758186 0.7405037695842518
vn -0.2785841455340415 0.6115922179758186 0.7405037695842518
vn -0.2673807498456661 0.6166324149198025 0.7404539144890395
vn 0.7255216843974013 -0.49542647648279015 -0.47767236875185176
vn 0.7255216947257436 -0.49542648353555563 -0.4776723457495514
vn 0.7255216947257436 -0.49542648353555563 -0.4776723457495514
vn 0.7255217436122738 -0.49542647621663205 -0.47767227908826454
vn -0.5488416559049659 -0.582853973602755 0.599211216683211
vn -0.5349015507719387 -0.5879893804638172 0.6067526839195287
vn -0.5349015507719387 -0.5879893804638172 0.6067526839195287
vn -0.5188023381695822 -0.5936537309127478 0.6151580135893128
vn 0.18099099679065184 -0.22867982445072246 0.9565290361352932
vn 0.1941024968951778 -0.22549881155649806 0.9547117401004686
vn 0.1941024968951778 -0.22549881155649806 0.9547117401004686
vn 0.20470995024217614 -0.2228882048863035 0.9531079080536511
vn 0.6286310056087187 -0.042635303659288686 -0.776534152287748
vn 0.634265825732024 -0.042826685087454394 -0.7719279353365145
vn 0.634265825732024 -0.042826685087454394 -0.7719279353365145
vn 0.6416046604260032 -0.04307423521834631 -0.7658250909835665
vn 0.8806094511618833 0.3263648444583512 0.3435301774605005
vn 0.8750326669805034 0.34248903536026365 0.3420805349255983
vn 0.8750326669805034 0.34248903536026365 0.3420805349255983
vn 0.8658297518225047 0.3674182534522597 0.3396213595889858
vn -0.4829308473726118 -0.631047974955928 -0.6070883378553681
vn -0.47054540317740173 -0.6282138718557687 -0.6196243658512797
vn -0.47054540317740173 -0.6282138718557687 -0.6196243658512797
vn -0.45501343445864745 -0.6244302533363852 -0.6348619008732559
vn 0.855481463779722 0.3398032557897825 -0.390749552122543
vn 0.850646983223445 0.33214709575323104 -0.4075267067512828
vn 0.850646983223445 0.33214709575323104 -0.4075267067512828
vn 0.8478166953782469 0.3278250952372582 -0.416818375279439
vn -0.8571476949631749 -0.3173756008301227 0.4056729680629889
vn -0.8506469709811617 -0.3321470611707368 0.40752676049091235
vn -0.8506469709811617 -0.3321470611707368 0.40752676049091235
vn -0.8483355076552193 -0.33725944285585574 0.4081457272297717
vn -0.8611594444690697 0.26895341296291914 -0.4313565495704462
vn -0.8576966995429057 0.26470592233006063 -0.440780156400669
vn -0.8576966995429057 0.26470592233006063 -0.440780156400669
vn -0.8513659944084226 0.2571671638102363 -0.45721001019526775
vn 0.8596570384484475 -0.2592498031680399 0.44020372079683373
vn 0.8576966882759685 -0.26470591885281164 0.44078018041278244
vn 0.8576966882759685 -0.26470591885281164 0.44078018041278244
vn 0.8520058487591453 -0.2800591916979049 0.44232666981058766
vn 0.03538627147341734 -0.952617398732549 -0.30210578184344866
vn 0.03538630973312464 -0.9526173662315951 -0.30210587984587484
vn 0.03538630973312464 -0.9526173662315951 -0.30210587984587484
vn 0.03538634970420758 -0.9526173391196843 -0.30210596065477446
vn -0.33354485243398246 0.42349085476423026 -0.8422608428188115
vn -0.363087440497378 0.40099971934272877 -0.8410509708930343
vn -0.363087440497378 0.40099971934272877 -0.8410509708930343
vn -0.40049811763872767 0.37113505199876007 -0.8377708701940605
vn 0.9174177284427034 0.13211128452386567 0.3753549254245696
vn 0.9167248533371924 0.1338323791053416 0.3764364987310707
vn 0.9167248533371924 0.1338323791053416 0.3764364987310707
vn 0.9148518074074232 0.13843033061208446 0.3793194090077649
vn 0.33180894593067306 0.43687151737268026 -0.836089768331647
vn 0.35718968037580706 0.419894689721073 -0.8343284615647919
vn 0.35718968037580706 0.419894689721073 -0.8343284615647919
vn 0.38818877499654836 0.3983041599385417 -0.8310615327052092
vn -0.5104217555303924 -0.5179329540893238 0.6864510809588537
vn -0.7031075308492238 -0.5807990986613522 0.4102587074728196
vn -0.7031075308492238 -0.5807990986613522 0.4102587074728196
vn -0.8084905869326668 -0.5781684011724475 0.10983747414688619
vn -0.9806393908113805 -0.15173481292035249 -0.12378583011439662
vn -0.9793321761756975 -0.17932460209113213 -0.09354771932992018
vn -0.9793321761756975 -0.17932460209113213 -0.09354771932992018
vn -0.9764977011351185 -0.20577807542910037 -0.06409074309542978
vn -0.16888313034416377 0.9341559431657936 0.31437423897829625
vn -0.18884035528572346 0.922958174859579 0.3353916034659133
vn -0.18884035528572346 0.922958174859579 0.3353916034659133
vn -0.21553471835837174 0.9064005676988277 0.36329436557345673
vn -0.9221139122731074 0.06565930814371189 0.3813066850272534
vn -0.9223292261033995 0.06760560568005339 0.38044484587931715
vn -0.9223292261033995 0.06760560568005339 0.38044484587931715
vn -0.9228914418435239 0.07287833124890095 0.37810069479750613
vn -0.9699099055438289 -0.010904808519237735 0.2432197777301832
vn -0.975613597070317 0.006163936127400472 0.2194085574970459
vn -0.975613597070317 0.006163936127400472 0.2194085574970459
vn -0.9805304072332826 0.02354671309814014 0.1949504367607494
vn -0.8788409656971727 0.2876952234174484 -0.38061793892990037
vn -0.8701389289993098 0.28132247465836224 -0.404618226841092
vn -0.8701389289993098 0.28132247465836224 -0.404618226841092
vn -0.8561946981568236 0.271560914718507 -0.4395285069769577
vn -0.8262018572376628 0.02095346714369124 0.5629844076985572
vn -0.820681382426537 0.009018136070590434 0.5713149234531515
vn -0.820681382426537 0.009018136070590434 0.5713149234531515
vn -0.814099061302697 -0.004685542942190173 0.5807071241799985
vn -0.37362564072562354 0.1953218901493074 0.9067818038651135
vn 0.32587846300566065 -0.555782125434937 0.7647937345429108
vn 0.32587846300566065 -0.555782125434937 0.7647937345429108
vn 0.6035967377651726 -0.747311401951645 0.27784284527824105
vn 0.8934675646938794 -0.4265519174135488 -0.1406028896958144
vn 0.9215621579848305 -0.38578916549019365 -0.04347308087451684
vn 0.9215621579848305 -0.38578916549019365 -0.04347308087451684
vn 0.9313934531937548 -0.36398434977235483 0.004650641741609697
vn 0.14644971724359895 0.9188702253579165 0.3663741110804115
vn 0.11915711302721792 0.933568178764033 0.3380118903444453
vn 0.11915711302721792 0.933568178764033 0.3380118903444453
vn 0.09883652043935615 0.9433785235083255 0.316651707102129
vn 0.9819855497363956 0.09149155586290665 0.16532899115004981
vn 0.9803738989446757 0.0814283100985863 0.17954511573001103
vn 0.9803738989446757 0.0814283100985863 0.17954511573001103
vn 0.9784877704527085 0.07146510341764119 0.19353144981628553
vn 0.8477161044297858 0.3050316911112117 -0.433973586417679
vn 0.861094159849949 0.3156517085996694 -0.3985986035229174
vn 0.861094159849949 0.3156517085996694 -0.3985986035229174
vn 0.869413567212002 0.3225792394925389 -0.3742494935148432
vn 0.7780022607526924 -0.0032323675639186274 0.6282531608067177
vn 0.7975134643828701 0.03926684978642869 0.6020219170726948
vn 0.7975134643828701 0.03926684978642869 0.6020219170726948
vn 0.8131156054548223 0.07742562227680616 0.5769300522428064
vn 0.1117150999181447 -0.8862521585935131 -0.4495295850537728
vn 0.17992332666786645 -0.34979584986304296 -0.9193859145861218
vn 0.17992332666786645 -0.34979584986304296 -0.9193859145861218
vn -0.0344881446074676 0.9993793774718166 0.0071713154705821255
vn -0.6465041298328011 0.16234067727629975 0.7454380689303471
vn -0.6465041026715416 0.16234065555479965 0.7454380972172693
vn -0.6465041026715416 0.16234065555479965 0.7454380972172693
vn -0.6465041042354763 0.1623406410463509 0.7454380990205318
vn -0.026005670683190905 -0.9994022348139673 0.0227788968381944
vn -0.026005741416941973 -0.999402233016774 0.02277889493458667
vn -0.026005741416941973 -0.999402233016774 0.02277889493458667
vn -0.02600585123758023 -0.9994022301181441 0.022778896731164747
vn -0.026005806668048737 -0.999402235265927 0.022778721759849876
vn -0.02600570417930215 -0.9994022336033506 0.022778911711762714
vn -0.02600570417930215 -0.9994022336033506 0.022778911711762714
vn -0.026005597958956534 -0.9994022316983159 0.022779116559309927
vn -0.6030464187983999 -0.6549454944409517 0.45539149759950776
vn -0.6030464894644374 -0.654945506454303 0.4553913867432437
vn -0.6030464894644374 -0.654945506454303 0.4553913867432437
vn -0.6030465898746011 -0.6549454860372997 0.45539128314009264
vn 0.6920615428727083 0.11083418866452523 -0.7132787698366768
vn 0.6920614270563914 0.11083412215268684 -0.713278892542962
vn 0.6920614270563914 0.11083412215268684 -0.713278892542962
vn 0.6920613394396717 0.11083408786421178 -0.7132789828813658
vn 0.27669897264968063 0.960875914145157 -0.01245616916711977
vn 0.276698916870221 0.9608759274286477 -0.01245638354351023
vn 0.276698916870221 0.9608759274286477 -0.01245638354351023
vn 0.2766989164144043 0.96087592584576 -0.012456515770795597
vn 0.016688177792152273 0.5609375382976736 0.8276899074233801
vn -0.022817751027745723 0.6334597963098915 0.7734390969540308
vn -0.022817751027745723 0.6334597963098915 0.7734390969540308
vn -0.0612165032776706 0.6983683097412274 0.7131158697404202
vn 0.6787479318648916 0.4082801817034126 -0.6104166922827069
vn 0.7527037209964198 0.4649226930812948 -0.466137316523983
vn 0.7527037209964198 0.4649226930812948 -0.466137316523983
vn 0.776288939155002 0.4839177805955017 -0.4039790397645967
vn 0.6388045555794387 0.49016845275409365 0.5930123335105384
vn 0.6313321688322079 0.49696976717060215 0.5953492614558433
vn 0.6313321688322079 0.49696976717060215 0.5953492614558433
vn 0.6210403341003153 0.5061518467294058 0.5984306237760405
vn -0.5576562414013527 0.47612629438623266 -0.6799435772328102
vn -0.5267405497932327 0.6692364200583701 -0.5240868318045967
vn -0.5267405497932327 0.6692364200583701 -0.5240868318045967
vn -0.47207729967985934 0.8050584019594944 -0.3591990987758703
vn 0.04423520059501182 0.5923826219656217 -0.8044414684869584
vn -0.06699156743807282 0.671184061218261 -0.7382574658333986
vn -0.06699156743807282 0.671184061218261 -0.7382574658333986
vn -0.12532629176216392 0.7067135034778874 -0.6963112411810936
vn -0.07588354528078893 0.051458548957422724 -0.9957879821000126
vn -0.21972986487225815 0.0370031362138094 -0.9748587356091967
vn -0.21972986487225815 0.0370031362138094 -0.9748587356091967
vn -0.35056745173477505 0.022707143259216692 -0.9362621681074119
vn -0.3199173192213037 0.42283352947292757 0.8478589005345886
vn -0.3199173192213037 0.42283352947292757 0.8478589005345886
vn -0.3199173192213037 0.42283352947292757 0.8478589005345886
vn -0.31991732325271643 0.42283350499890826 0.8478589112188154
vn -0.009074530314388261 -0.9995565139208415 0.028362446614982443
vn -0.009074490250681641 -0.999556512066242 0.028362524793452092
vn -0.009074490250681641 -0.999556512066242 0.028362524793452092
vn -0.009074465634260774 -0.9995565107629024 0.028362578601823712
vn -0.00907408702074431 -0.9995565156711348 0.028362526758386422
vn -0.009074060015093553 -0.9995565159689079 0.028362524904190667
vn -0.009074060015093553 -0.9995565159689079 0.028362524904190667
vn -0.00907403300848402 -0.9995565161610682 0.02836252677228834
vn -0.19392057075701324 -0.34563544949623926 0.9181127100137582
vn -0.19392078586900616 -0.3456354345147923 0.9181126702184857
vn -0.19392078586900616 -0.3456354345147923 0.9181126702184857
vn -0.193920997252263 -0.34563543944657005 0.9181126237141412
vn 0.3079032683803326 -0.25868452300000694 -0.9155751716167099
vn 0.30790334693737276 -0.25868454368677785 -0.91557513935358
vn 0.30790334693737276 -0.25868454368677785 -0.91557513935358
vn 0.3079035916114258 -0.25868460854694814 -0.9155750387454306
vn 0.020448896779122396 0.7950593730085058 -0.6061867996021015
vn 0.02044879996207725 0.7950593745832205 -0.6061868008027304
vn 0.02044879996207725 0.7950593745832205 -0.6061868008027304
vn 0.02044864519697266 0.795059427750807 -0.6061867362902028
vn -0.517030356859375 0.7390258291426072 0.4318801152472166
vn -0.6504914231890379 0.6351942485769265 0.4164002580838458
vn -0.6504914231890379 0.6351942485769265 0.4164002580838458
vn -0.7468878596295813 0.5352935173090079 0.3944862170784852
vn -0.005794538735106066 0.33752331629533067 -0.9412993329849169
vn 0.05580294746977757 0.3129908071383335 -0.948115386279845
vn 0.05580294746977757 0.3129908071383335 -0.948115386279845
vn 0.2217718563008818 0.23934139863757103 -0.9452687124046114
vn -0.8660641192552955 0.4665608937442755 -0.17959363509627024
vn -0.8750028645357534 0.4221546964903992 -0.23697130477195988
vn -0.8750028645357534 0.4221546964903992 -0.23697130477195988
vn -0.8784240231215267 0.3904914445456141 -0.2754771630093337
vn 0.6067156653288913 0.7403472493091205 0.2894512944951873
vn 0.7255830401742831 0.637864550571342 0.2581822359029851
vn 0.7255830401742831 0.637864550571342 0.2581822359029851
vn 0.859837209411184 0.46817593426669624 0.20369405461498755
vn 0.7488589098228862 0.6171518408814972 -0.24152419852979057
vn 0.7516784414152925 0.5991072452426315 -0.27577169798451456
vn 0.7516784414152925 0.5991072452426315 -0.27577169798451456
vn 0.7539147672088107 0.5621426654903535 -0.34001198128872645
vn 0.9524608776237621 -0.14735485498487355 -0.26665487677625577
vn 0.9344738709537157 -0.15299567560068061 -0.32148235993949886
vn 0.9344738709537157 -0.15299567560068061 -0.32148235993949886
vn 0.9112225739816137 -0.15857244973838744 -0.3801686452750798
vn 0.1903322943742349 0.9547236009057625 0.2286404679661364
vn 0.1903322943742349 0.9547236009057625 0.2286404679661364
vn 0.1903322943742349 0.9547236009057625 0.2286404679661364
vn -0.8861573201935209 0.46269651534327133 0.025241603685815458
vn -0.8861573201935209 0.46269651534327133 0.025241603685815458
vn -0.8861573201935209 0.46269651534327133 0.025241603685815458
vn 0.1977723542563728 0.9674940723341644 0.15761128097362329
vn 0.1977723542563728 0.9674940723341644 0.15761128097362329
vn 0.1977723542563728 0.9674940723341644 0.15761128097362329
vn 0.69655393260463 0.6036681420743503 0.3878110277152089
vn 0.69655393260463 0.6036681420743503 0.3878110277152089
vn 0.69655393260463 0.6036681420743503 0.3878110277152089
vn -0.024857332266822674 0.5091273648811994 0.8603321680384285
vn -0.024857332266822674 0.5091273648811994 0.8603321680384285
vn -0.024857332266822674 0.5091273648811994 0.8603321680384285
vn -0.035230527757842 0.9912023317708837 0.1275803566614675
vn -0.035230527757842 0.9912023317708837 0.1275803566614675
vn -0.035230527757842 0.9912023317708837 0.1275803566614675
vn -0.2611517851418562 0.8871123604690158 -0.38056721485213746
vn -0.2611517851418562 0.8871123604690158 -0.38056721485213746
vn -0.2611517851418562 0.8871123604690158 -0.38056721485213746
vn 0.015458790832928454 -0.20719169412017618 -0.9781782187687452
vn 0.015458790832928454 -0.20719169412017618 -0.9781782187687452
vn 0.015458790832928454 -0.20719169412017618 -0.9781782187687452
vn -0.654769674954511 0.6882353592280266 0.31242401167041095
vn -0.654769674954511 0.6882353592280266 0.31242401167041095
vn -0.654769674954511 0.6882353592280266 0.31242401167041095
vn -0.03385978593660123 0.9976438369483978 -0.05966816148672809
vn -0.03385978593660123 0.9976438369483978 -0.05966816148672809
vn -0.03385978593660123 0.9976438369483978 -0.05966816148672809
vn -0.1677385582364056 0.9056315496269788 0.38948077282583426
vn -0.1677385582364056 0.9056315496269788 0.38948077282583426
vn -0.1677385582364056 0.9056315496269788 0.38948077282583426
vn 0.2059193296179784 0.9032022544113611 -0.3765938360036139
vn 0.2059193296179784 0.9032022544113611 -0.3765938360036139
vn 0.2059193296179784 0.9032022544113611 -0.3765938360036139
vn 0.6112761455692649 0.7193646381772203 0.32993331325911845
vn 0.6112761455692649 0.7193646381772203 0.32993331325911845
vn 0.6112761455692649 0.7193646381772203 0.32993331325911845
vn 0.10528371359653496 0.914165307294614 0.3914295985107239
vn 0.10528371359653496 0.914165307294614 0.3914295985107239
vn 0.10528371359653496 0.914165307294614 0.3914295985107239
vn -0.9899830787122318 -0.1411061133488418 -0.004750646170227959
vn -0.9900497004581827 -0.14064445816737015 -0.004552692551582201
vn -0.9900497004581827 -0.14064445816737015 -0.004552692551582201
vn -0.990083179758753 -0.1404117823679656 -0.004452923876232166
vn -0.9920215594296289 -0.12558084710645007 0.011075940900615098
vn -0.9937697469745838 -0.11086881705808915 0.011392778511478428
vn -0.9937697469745838 -0.11086881705808915 0.011392778511478428
vn -0.9956756180183908 -0.09214673886405474 0.011791615682981725
vn -0.9905988109155933 -0.13604156853099805 -0.014376628403004988
vn -0.9898233404567148 -0.14102646695481594 -0.019007638079278626
vn -0.9898233404567148 -0.14102646695481594 -0.019007638079278626
vn -0.9886085747338527 -0.14828805265817727 -0.025763140366534994
vn -0.990358301647728 -0.13682575642548012 -0.021659795382760392
vn -0.989057932971602 -0.1438437961711393 -0.03276228821400601
vn -0.989057932971602 -0.1438437961711393 -0.03276228821400601
vn -0.9882534886594028 -0.14776756085059947 -0.03898448553956032
vn -0.9977397465406297 0.06719612426339115 0.0002811708003929756
vn -0.9986602162694249 0.05087328750476889 -0.009470008403501592
vn -0.9986602162694249 0.05087328750476889 -0.009470008403501592
vn -0.9990146502628847 0.041814456563927335 -0.01487547587103257
vn -0.9983471563582538 0.05509133226665835 -0.016367666311145758
vn -0.9977934481955688 0.06470316727240048 -0.014890765021197802
vn -0.9977934481955688 0.06470316727240048 -0.014890765021197802
vn -0.9968666148592024 0.07805253341617545 -0.012835661512809616
vn -0.9979310971634047 0.06372680351467055 0.008509984021488413
vn -0.9984934763202148 0.054843331724108824 -0.001728210453631987
vn -0.9984934763202148 0.054843331724108824 -0.001728210453631987
vn -0.9990016336426943 0.04106978001548683 -0.017578656055215528
vn -0.9960610581953834 0.06366171505948294 0.06172158765276723
vn -0.9976751711123565 0.05435144477957633 0.041111718479078366
vn -0.9976751711123565 0.05435144477957633 0.041111718479078366
vn -0.9983192587730996 0.04943541018045874 0.030245624196222565
vn 0.990083179758753 0.1404117823679656 0.004452923876232166
vn 0.9900497004581827 0.14064445816737015 0.004552692551582201
vn 0.9900497004581827 0.14064445816737015 0.004552692551582201
vn 0.9899830787122318 0.1411061133488418 0.004750646170227959
vn 0.9956756180183908 0.09214673886405474 -0.011791615682981725
vn 0.9937697453222583 0.11086883177491019 -0.011392779423858388
vn 0.9937697453222583 0.11086883177491019 -0.011392779423858388
vn 0.9920215594296289 0.12558084710645007 -0.011075940900615098
vn 0.9886085747338527 0.14828805265817727 0.025763140366534994
vn 0.9898233425367869 0.1410264523500159 0.019007638119222375
vn 0.9898233425367869 0.1410264523500159 0.019007638119222375
vn 0.9905988109155933 0.13604156853099805 0.014376628403004988
vn 0.9882534886594028 0.14776756085059947 0.03898448553956032
vn 0.9890579328508884 0.1438437961535833 0.0327622919352976
vn 0.9890579328508884 0.1438437961535833 0.0327622919352976
vn 0.990358301647728 0.13682575642548012 0.021659795382760392
vn 0.9993710564721837 0.03442693145317081 0.008501639629512813
vn 0.9993710574722372 0.03442690541058901 0.008501627530826719
vn 0.9993710574722372 0.03442690541058901 0.008501627530826719
vn 0.999371059072008 0.034426864487505246 0.00850160519269398
vn 0.9993710572712874 0.03442691285424722 0.008501621009859186
vn 0.9993710580561301 0.034426890529542 0.008501619153890659
vn 0.9993710580561301 0.034426890529542 0.008501619153890659
vn 0.9993710585846336 0.03442687564658689 0.00850161729574146
vn 0.9993710567665217 0.03442692773802002 0.008501620074242579
vn 0.9993710580450866 0.03442689797974221 0.008501590282796718
vn 0.9993710580450866 0.03442689797974221 0.008501590282796718
vn 0.9993710588521014 0.03442687938109109 0.008501570731887741
vn 0.9993710571367702 0.034426912849613286 0.008501636841198704
vn 0.9993710577349239 0.03442690169434787 0.008501611700577526
vn 0.9993710577349239 0.03442690169434787 0.008501611700577526
vn 0.999371058867927 0.03442687938163626 0.008501568869377205
vn 0.9990146502628847 -0.041814456563927335 0.01487547587103257
vn 0.9986602162694249 -0.05087328750476889 0.009470008403501592
vn 0.9986602162694249 -0.05087328750476889 0.009470008403501592
vn 0.9977397465406297 -0.06719612426339115 -0.0002811708003929756
vn 0.9968666148592024 -0.07805253341617545 0.012835661512809616
vn 0.9977934481955688 -0.06470316727240048 0.014890765021197802
vn 0.9977934481955688 -0.06470316727240048 0.014890765021197802
vn 0.9983471563582538 -0.05509133226665835 0.016367666311145758
vn 0.9990016336426943 -0.04106978001548683 0.017578656055215528
vn 0.9984934759122158 -0.05484333915227951 0.001728210452925815
vn 0.9984934759122158 -0.05484333915227951 0.001728210452925815
vn 0.9979310971634047 -0.06372680351467055 -0.008509984021488413
vn 0.9983192587730996 -0.04943541018045874 -0.030245624196222565
vn 0.9976751711123565 -0.05435144477957633 -0.041111718479078366
vn 0.9976751711123565 -0.05435144477957633 -0.041111718479078366
vn 0.9960610581953834 -0.06366171505948294 -0.06172158765276723
vn -0.157229457355252 0.9863971724611977 -0.04795326787953845
vn -0.1553071395107545 0.9865497070185923 -0.050983997474859974
vn -0.1553071395107545 0.9865497070185923 -0.050983997474859974
vn -0.15290718831372008 0.9867220833513868 -0.054762414014464085
vn 0.0889752946146017 0.9949169068377479 -0.04715660544030887
vn 0.08942438574547838 0.994911124507522 -0.046423416130463885
vn 0.08942438574547838 0.994911124507522 -0.046423416130463885
vn 0.08977430892540311 0.9949061090181753 -0.045852019533286464
vn -0.4461125037250898 0.8949707549559803 -0.003313878943862196
vn -0.44582768889885976 0.8951077383979552 -0.004450670870719733
vn -0.44582768889885976 0.8951077383979552 -0.004450670870719733
vn -0.44549620547317753 0.8952652295496852 -0.005770586482294939
vn 0.3621059378942948 0.9320377165031974 0.013600910160671675
vn 0.3623433663257341 0.9319293977019604 0.014658873715130697
vn 0.3623433663257341 0.9319293977019604 0.014658873715130697
vn 0.3625474609415403 0.9318352437351594 0.015569749448162478
vn 0.5120681562253138 0.44190842240954886 -0.7365481312063127
vn 0.5120681562253138 0.44190842240954886 -0.7365481312063127
vn 0.5120681562253138 0.44190842240954886 -0.7365481312063127
vn 0.5003878436985323 0.4507224228207726 -0.7392302100464413
vn 0.5003878436985323 0.4507224228207726 -0.7392302100464413
vn 0.5003878436985323 0.4507224228207726 -0.7392302100464413
vn 0.5218405602160701 0.4469956949663625 -0.7265516350507489
vn 0.5218405602160701 0.4469956949663625 -0.7265516350507489
vn 0.5218405602160701 0.4469956949663625 -0.7265516350507489
vn -0.8270065284841092 0.28976205329218013 -0.4817656632809796
vn -0.8270065284841092 0.28976205329218013 -0.4817656632809796
vn -0.8270065284841092 0.28976205329218013 -0.4817656632809796
vn -0.8840376326333549 0.44693363661524416 -0.13684951059425288
vn -0.8840376326333549 0.44693363661524416 -0.13684951059425288
vn -0.8840376326333549 0.44693363661524416 -0.13684951059425288
vn 0.2626366951095823 0.8124917862457565 -0.5204604342936129
vn 0.2626366951095823 0.8124917862457565 -0.5204604342936129
vn 0.2626366951095823 0.8124917862457565 -0.5204604342936129
vn 0.8403844237707938 0.01587953418565149 0.5417581200844873
vn 0.8403844237707938 0.01587953418565149 0.5417581200844873
vn 0.8403844237707938 0.01587953418565149 0.5417581200844873
vn 0.6275044730700502 0.18435242922106235 0.7564736070196842
vn 0.6275044730700502 0.18435242922106235 0.7564736070196842
vn 0.6275044730700502 0.18435242922106235 0.7564736070196842
vn 0.47621662112731955 0.758674274916402 -0.4445571665625812
vn 0.47621662112731955 0.758674274916402 -0.4445571665625812
vn 0.47621662112731955 0.758674274916402 -0.4445571665625812
vn -0.16360025279996712 0.836646446447946 0.5227405483887883
vn -0.1636002332002181 0.8366464224195171 0.522740592980359
vn -0.1636002332002181 0.8366464224195171 0.522740592980359
vn -0.16360025076354906 0.8366463764291246 0.5227406610912521
f 3/3/3 2/2/2 1/1/1
f 6/6/6 5/5/5 4/4/4
f 9/9/9 8/8/8 7/7/7
f 12/12/12 11/11/11 10/10/10
f 15/15/15 14/14/14 13/13/13
f 18/18/18 17/17/17 16/16/16
f 21/21/21 20/20/20 19/19/19
f 24/24/24 23/23/23 22/22/22
f 27/27/27 26/26/26 25/25/25
f 30/30/30 29/29/29 28/28/28
f 33/33/33 32/32/32 31/31/31
f 36/36/36 35/35/35 34/34/34
f 39/39/39 38/38/38 37/37/37
f 42/42/42 41/41/41 40/40/40
f 45/45/45 44/44/44 43/43/43
f 48/48/48 47/47/47 46/46/46
f 51/51/51 50/50/50 49/49/49
f 54/54/54 53/53/53 52/52/52
f 57/57/57 56/56/56 55/55/55
f 60/60/60 59/59/59 58/58/58
f 63/63/63 62/62/62 61/61/61
f 66/66/66 65/65/65 64/64/64
f 69/69/69 68/68/68 67/67/67
f 72/72/72 71/71/71 70/70/70
f 75/75/75 74/74/74 73/73/73
f 78/78/78 77/77/77 76/76/76
f 81/81/81 80/80/80 79/79/79
f 84/84/84 83/83/83 82/82/82
f 87/87/87 86/86/86 85/85/85
f 90/90/90 89/89/89 88/88/88
f 93/93/93 92/92/92 91/91/91
f 96/96/96 95/95/95 94/94/94
f 99/99/99 98/98/98 97/97/97
f 102/102/102 101/101/101 100/100/100
f 105/105/105 104/104/104 103/103/103
f 108/108/108 107/107/107 106/106/106
f 111/111/111 110/110/110 109/109/109
f 114/114/114 113/113/113 112/112/112
f 117/117/117 116/116/116 115/115/115
f 120/120/120 119/119/119 118/118/118
f 123/123/123 122/122/122 121/121/121
f 126/126/126 125/125/125 124/124/124
f 129/129/129 128/128/128 127/127/127
f 132/132/132 131/131/131 130/130/130
f 135/135/135 134/134/134 133/133/133
f 138/138/138 137/137/137 136/136/136
f 141/141/141 140/140/140 139/139/139
f 144/144/144 143/143/143 142/142/142
f 147/147/147 146/146/146 145/145/145
f 150/150/150 149/149/149 148/148/148
f 153/153/153 152/152/152 151/151/151
f 156/156/156 155/155/155 154/154/154
f 159/159/159 158/158/158 157/157/157
f 162/162/162 161/161/161 160/160/160
f 165/165/165 164/164/164 163/163/163
f 168/168/168 167/167/167 166/166/166
f 171/171/171 170/170/170 169/169/169
f 174/174/174 173/173/173 172/172/172
f 177/177/177 176/176/176 175/175/175
f 180/180/180 179/179/179 178/178/178
f 183/183/183 182/182/182 181/181/181
f 186/186/186 185/185/185 184/184/184
f 189/189/189 188/188/188 187/187/187
f 192/192/192 191/191/191 190/190/190
f 195/195/195 194/194/194 193/193/193
f 198/198/198 197/197/197 196/196/196
f 201/201/201 200/200/200 199/199/199
f 204/204/204 203/203/203 202/202/202
f 207/207/207 206/206/206 205/205/205
f 210/210/210 209/209/209 208/208/208
f 213/213/213 212/212/212 211/211/211
f 216/216/216 215/215/215 214/214/214
f 219/219/219 218/218/218 217/217/217
f 222/222/222 221/221/221 220/220/220
f 225/225/225 224/224/224 223/223/223
f 228/228/228 227/227/227 226/226/226
f 231/231/231 230/230/230 229/229/229
f 234/234/234 233/233/233 232/232/232
f 237/237/237 236/236/236 235/235/235
f 240/240/240 239/239/239 238/238/238
f 243/243/243 242/242/242 241/241/241
f 246/246/246 245/245/245 244/244/244
f 249/249/249 248/248/248 247/247/247
f 252/252/252 251/251/251 250/250/250
f 255/255/255 254/254/254 253/253/253
f 258/258/258 257/257/257 256/256/256
f 261/261/261 260/260/260 259/259/259
f 264/264/264 263/263/263 262/262/262
f 267/267/267 266/266/266 265/265/265
f 270/270/270 269/269/269 268/268/268
f 273/273/273 272/272/272 271/271/271
f 276/276/276 275/275/275 274/274/274
f 279/279/279 278/278/278 277/277/277
f 282/282/282 281/281/281 280/280/280
f 285/285/285 284/284/284 283/283/283
f 288/288/288 287/287/287 286/286/286
f 291/291/291 290/290/290 289/289/289
f 294/294/294 293/293/293 292/292/292
f 297/297/297 296/296/296 295/295/295
f 300/300/300 299/299/299 298/298/298
f 303/303/303 302/302/302 301/301/301
f 306/306/306 305/305/305 304/304/304
f 309/309/309 308/308/308 307/307/307
f 312/312/312 311/311/311 310/310/310
f 315/315/315 314/314/314 313/313/313
f 318/318/318 317/317/317 316/316/316
f 321/321/321 320/320/320 319/319/319
f 324/324/324 323/323/323 322/322/322
f 327/327/327 326/326/326 325/325/325
f 330/330/330 329/329/329 328/328/328
f 333/333/333 332/332/332 331/331/331
f 336/336/336 335/335/335 334/334/334
f 339/339/339 338/338/338 337/337/337
f 342/342/342 341/341/341 340/340/340
f 345/345/345 344/344/344 343/343/343
f 348/348/348 347/347/347 346/346/346
f 351/351/351 350/350/350 349/349/349
f 354/354/354 353/353/353 352/352/352
f 357/357/357 356/356/356 355/355/355
f 360/360/360 359/359/359 358/358/358
f 363/363/363 362/362/362 361/361/361
f 366/366/366 365/365/365 364/364/364
f 369/369/369 368/368/368 367/367/367
f 372/372/372 371/371/371 370/370/370
f 375/375/375 374/374/374 373/373/373
f 378/378/378 377/377/377 376/376/376
f 381/381/381 380/380/380 379/379/379
f 384/384/384 383/383/383 382/382/382
f 387/387/387 386/386/386 385/385/385
f 390/390/390 389/389/389 388/388/388
f 393/393/393 392/392/392 391/391/391
f 396/396/396 395/395/395 394/394/394
f 399/399/399 398/398/398 397/397/397
f 402/402/402 401/401/401 400/400/400
f 405/405/405 404/404/404 403/403/403
f 408/408/408 407/407/407 406/406/406
f 411/411/411 410/410/410 409/409/409
f 414/414/414 413/413/413 412/412/412
f 417/417/417 416/416/416 415/415/415
f 420/420/420 419/419/419 418/418/418
f 423/423/423 422/422/422 421/421/421
f 426/426/426 425/425/425 424/424/424
f 429/429/429 428/428/428 427/427/427
f 432/432/432 431/431/431 430/430/430
f 435/435/435 434/434/434 433/433/433
f 438/438/438 437/437/437 436/436/436
f 441/441/441 440/440/440 439/439/439
f 444/444/444 443/443/443 442/442/442
f 447/447/447 446/446/446 445/445/445
f 450/450/450 449/449/449 448/448/448
f 453/453/453 452/452/452 451/451/451
f 456/456/456 455/455/455 454/454/454
f 459/459/459 458/458/458 457/457/457
f 462/462/462 461/461/461 460/460/460
f 465/465/465 464/464/464 463/463/463
f 468/468/468 467/467/467 466/466/466
f 471/471/471 470/470/470 469/469/469
f 474/474/474 473/473/473 472/472/472
f 477/477/477 476/476/476 475/475/475
f 480/480/480 479/479/479 478/478/478
f 483/483/483 482/482/482 481/481/481
f 486/486/486 485/485/485 484/484/484
f 489/489/489 488/488/488 487/487/487
f 492/492/492 491/491/491 490/490/490
f 495/495/495 494/494/494 493/493/493
f 498/498/498 497/497/497 496/496/496
f 501/501/501 500/500/500 499/499/499
f 504/504/504 503/503/503 502/502/502
f 507/507/507 506/506/506 505/505/505
f 510/510/510 509/509/509 508/508/508
f 513/513/513 512/512/512 511/511/511
f 516/516/516 515/515/515 514/514/514
f 519/519/519 518/518/518 517/517/517
f 522/522/522 521/521/521 520/520/520
f 525/525/525 524/524/524 523/523/523
f 528/528/528 527/527/527 526/526/526
f 531/531/531 530/530/530 529/529/529
f 534/534/534 533/533/533 532/532/532
f 537/537/537 536/536/536 535/535/535
f 540/540/540 539/539/539 538/538/538
f 543/543/543 542/542/542 541/541/541
f 546/546/546 545/545/545 544/544/544
f 549/549/549 548/548/548 547/547/547
f 552/552/552 551/551/551 550/550/550
f 555/555/555 554/554/554 553/553/553
f 558/558/558 557/557/557 556/556/556
f 561/561/561 560/560/560 559/559/559
f 564/564/564 563/563/563 562/562/562
f 567/567/567 566/566/566 565/565/565
f 570/570/570 569/569/569 568/568/568
f 573/573/573 572/572/572 571/571/571
f 576/576/576 575/575/575 574/574/574
f 579/579/579 578/578/578 577/577/577
f 582/582/582 581/581/581 580/580/580
f 585/585/585 584/584/584 583/583/583
f 588/588/588 587/587/587 586/586/586
f 591/591/591 590/590/590 589/589/589
f 594/594/594 593/593/593 592/592/592
f 597/597/597 596/596/596 595/595/595
f 600/600/600 599/599/599 598/598/598
f 603/603/603 602/602/602 601/601/601
f 606/606/606 605/605/605 604/604/604
f 609/609/609 608/608/608 607/607/607
f 612/612/612 611/611/611 610/610/610
f 615/615/615 614/614/614 613/613/613
f 618/618/618 617/617/617 616/616/616
f 621/621/621 620/620/620 619/619/619
f 624/624/624 623/623/623 622/622/622
f 627/627/627 626/626/626 625/625/625
f 630/630/630 629/629/629 628/628/628
f 633/633/633 632/632/632 631/631/631
f 636/636/636 635/635/635 634/634/634
f 639/639/639 638/638/638 637/637/637
f 642/642/642 641/641/641 640/640/640
f 645/645/645 644/644/644 643/643/643
f 648/648/648 647/647/647 646/646/646
f 651/651/651 650/650/650 649/649/649
f 654/654/654 653/653/653 652/652/652
f 657/657/657 656/656/656 655/655/655
f 660/660/660 659/659/659 658/658/658
f 663/663/663 662/662/662 661/661/661
f 666/666/666 665/665/665 664/664/664
f 669/669/669 668/668/668 667/667/667
f 672/672/672 671/671/671 670/670/670
f 675/675/675 674/674/674 673/673/673
f 678/678/678 677/677/677 676/676/676
f 681/681/681 680/680/680 679/679/679
f 684/684/684 683/683/683 682/682/682
f 687/687/687 686/686/686 685/685/685
f 690/690/690 689/689/689 688/688/688
f 693/693/693 692/692/692 691/691/691
f 696/696/696 695/695/695 694/694/694
f 695/695/695 696/696/696 697/697/697
f 700/700/700 699/699/699 698/698/698
f 699/699/699 700/700/700 701/701/701
f 704/704/704 703/703/703 702/702/702
f 703/703/703 704/704/704 705/705/705
f 708/708/708 707/707/707 706/706/706
f 707/707/707 708/708/708 709/709/709
f 712/712/712 711/711/711 710/710/710
f 711/711/711 712/712/712 713/713/713
f 716/716/716 715/715/715 714/714/714
f 715/715/715 716/716/716 717/717/717
f 720/720/720 719/719/719 718/718/718
f 719/719/719 720/720/720 721/721/721
f 724/724/724 723/723/723 722/722/722
f 723/723/723 724/724/724 725/725/725
f 728/728/728 727/727/727 726/726/726
f 727/727/727 728/728/728 729/729/729
f 732/732/732 731/731/731 730/730/730
f 731/731/731 732/732/732 733/733/733
f 736/736/736 735/735/735 734/734/734
f 735/735/735 736/736/736 737/737/737
f 740/740/740 739/739/739 738/738/738
f 739/739/739 740/740/740 741/741/741
f 744/744/744 743/743/743 742/742/742
f 743/743/743 744/744/744 745/745/745
f 748/748/748 747/747/747 746/746/746
f 747/747/747 748/748/748 749/749/749
f 752/752/752 751/751/751 750/750/750
f 751/751/751 752/752/752 753/753/753
f 756/756/756 755/755/755 754/754/754
f 755/755/755 756/756/756 757/757/757
f 760/760/760 759/759/759 758/758/758
f 759/759/759 760/760/760 761/761/761
f 764/764/764 763/763/763 762/762/762
f 763/763/763 764/764/764 765/765/765
f 768/768/768 767/767/767 766/766/766
f 767/767/767 768/768/768 769/769/769
f 772/772/772 771/771/771 770/770/770
f 771/771/771 772/772/772 773/773/773
f 776/776/776 775/775/775 774/774/774
f 775/775/775 776/776/776 777/777/777
f 780/780/780 779/779/779 778/778/778
f 779/779/779 780/780/780 781/781/781
f 784/784/784 783/783/783 782/782/782
f 783/783/783 784/784/784 785/785/785
f 788/788/788 787/787/787 786/786/786
f 787/787/787 788/788/788 789/789/789
f 792/792/792 791/791/791 790/790/790
f 791/791/791 792/792/792 793/793/793
f 796/796/796 795/795/795 794/794/794
f 795/795/795 796/796/796 797/797/797
f 800/800/800 799/799/799 798/798/798
f 799/799/799 800/800/800 801/801/801
f 804/804/804 803/803/803 802/802/802
f 803/803/803 804/804/804 805/805/805
f 808/808/808 807/807/807 806/806/806
f 807/807/807 808/808/808 809/809/809
f 812/812/812 811/811/811 810/810/810
f 811/811/811 812/812/812 813/813/813
f 816/816/816 815/815/815 814/814/814
f 815/815/815 816/816/816 817/817/817
f 820/820/820 819/819/819 818/818/818
f 819/819/819 820/820/820 821/821/821
f 824/824/824 823/823/823 822/822/822
f 823/823/823 824/824/824 825/825/825
f 828/828/828 827/827/827 826/826/826
f 827/827/827 828/828/828 829/829/829
f 832/832/832 831/831/831 830/830/830
f 831/831/831 832/832/832 833/833/833
f 836/836/836 835/835/835 834/834/834
f 835/835/835 836/836/836 837/837/837
f 840/840/840 839/839/839 838/838/838
f 839/839/839 840/840/840 841/841/841
f 844/844/844 843/843/843 842/842/842
f 843/843/843 844/844/844 845/845/845
f 848/848/848 847/847/847 846/846/846
f 847/847/847 848/848/848 849/849/849
f 852/852/852 851/851/851 850/850/850
f 851/851/851 852/852/852 853/853/853
f 856/856/856 855/855/855 854/854/854
f 855/855/855 856/856/856 857/857/857
f 860/860/860 859/859/859 858/858/858
f 859/859/859 860/860/860 861/861/861
f 864/864/864 863/863/863 862/862/862
f 863/863/863 864/864/864 865/865/865
f 868/868/868 867/867/867 866/866/866
f 867/867/867 868/868/868 869/869/869
f 872/872/872 871/871/871 870/870/870
f 871/871/871 872/872/872 873/873/873
f 876/876/876 875/875/875 874/874/874
f 875/875/875 876/876/876 877/877/877
f 880/880/880 879/879/879 878/878/878
f 879/879/879 880/880/880 881/881/881
f 884/884/884 883/883/883 882/882/882
f 883/883/883 884/884/884 885/885/885
f 888/888/888 887/887/887 886/886/886
f 887/887/887 888/888/888 889/889/889
f 892/892/892 891/891/891 890/890/890
f 891/891/891 892/892/892 893/893/893
f 896/896/896 895/895/895 894/894/894
f 895/895/895 896/896/896 897/897/897
f 900/900/900 899/899/899 898/898/898
f 899/899/899 900/900/900 901/901/901
f 904/904/904 903/903/903 902/902/902
f 903/903/903 904/904/904 905/905/905
f 908/908/908 907/907/907 906/906/906
f 907/907/907 908/908/908 909/909/909
f 912/912/912 911/911/911 910/910/910
f 911/911/911 912/912/912 913/913/913
f 916/916/916 915/915/915 914/914/914
f 915/915/915 916/916/916 917/917/917
f 920/920/920 919/919/919 918/918/918
f 919/919/919 920/920/920 921/921/921
f 924/924/924 923/923/923 922/922/922
f 923/923/923 924/924/924 925/925/925
f 928/928/928 927/927/927 926/926/926
f 927/927/927 928/928/928 929/929/929
f 932/932/932 931/931/931 930/930/930
f 931/931/931 932/932/932 933/933/933
f 936/936/936 935/935/935 934/934/934
f 935/935/935 936/936/936 937/937/937
f 940/940/940 939/939/939 938/938/938
f 939/939/939 940/940/940 941/941/941
f 944/944/944 943/943/943 942/942/942
f 947/947/947 946/946/946 945/945/945
f 950/950/950 949/949/949 948/948/948
f 953/953/953 952/952/952 951/951/951
f 956/956/956 955/955/955 954/954/954
f 959/959/959 958/958/958 957/957/957
f 962/962/962 961/961/961 960/960/960
f 965/965/965 964/964/964 963/963/963
f 968/968/968 967/967/967 966/966/966
f 971/971/971 970/970/970 969/969/969
f 974/974/974 973/973/973 972/972/972
f 977/977/977 976/976/976 975/975/975
f 980/980/980 979/979/979 978/978/978
f 983/983/983 982/982/982 981/981/981
f 986/986/986 985/985/985 984/984/984
f 985/985/985 986/986/986 987/987/987
f 990/990/990 989/989/989 988/988/988
f 989/989/989 990/990/990 991/991/991
f 994/994/994 993/993/993 992/992/992
f 993/993/993 994/994/994 995/995/995
f 998/998/998 997/997/997 996/996/996
f 997/997/997 998/998/998 999/999/999
f 1002/1002/1002 1001/1001/1001 1000/1000/1000
f 1001/1001/1001 1002/1002/1002 1003/1003/1003
f 1006/1006/1006 1005/1005/1005 1004/1004/1004
f 1005/1005/1005 1006/1006/1006 1007/1007/1007
f 1010/1010/1010 1009/1009/1009 1008/1008/1008
f 1009/1009/1009 1010/1010/1010 1011/1011/1011
f 1014/1014/1014 1013/1013/1013 1012/1012/1012
f 1013/1013/1013 1014/1014/1014 1015/1015/1015
f 1018/1018/1018 1017/1017/1017 1016/1016/1016
f 1017/1017/1017 1018/1018/1018 1019/1019/1019
f 1022/1022/1022 1021/1021/1021 1020/1020/1020
f 1021/1021/1021 1022/1022/1022 1023/1023/1023
f 1026/1026/1026 1025/1025/1025 1024/1024/1024
f 1025/1025/1025 1026/1026/1026 1027/1027/1027
f 1030/1030/1030 1029/1029/1029 1028/1028/1028
f 1029/1029/1029 1030/1030/1030 1031/1031/1031
f 1034/1034/1034 1033/1033/1033 1032/1032/1032
f 1033/1033/1033 1034/1034/1034 1035/1035/1035
f 1038/1038/1038 1037/1037/1037 1036/1036/1036
f 1037/1037/1037 1038/1038/1038 1039/1039/1039
f 1042/1042/1042 1041/1041/1041 1040/1040/1040
f 1041/1041/1041 1042/1042/1042 1043/1043/1043
f 1046/1046/1046 1045/1045/1045 1044/1044/1044
f 1045/1045/1045 1046/1046/1046 1047/1047/1047
f 1050/1050/1050 1049/1049/1049 1048/1048/1048
f 1049/1049/1049 1050/1050/1050 1051/1051/1051
f 1054/1054/1054 1053/1053/1053 1052/1052/1052
f 1053/1053/1053 1054/1054/1054 1055/1055/1055
f 1058/1058/1058 1057/1057/1057 1056/1056/1056
f 1057/1057/1057 1058/1058/1058 1059/1059/1059
f 1062/1062/1062 1061/1061/1061 1060/1060/1060
f 1061/1061/1061 1062/1062/1062 1063/1063/1063
f 1066/1066/1066 1065/1065/1065 1064/1064/1064
f 1065/1065/1065 1066/1066/1066 1067/1067/1067
f 1070/1070/1070 1069/1069/1069 1068/1068/1068
f 1069/1069/1069 1070/1070/1070 1071/1071/1071
f 1074/1074/1074 1073/1073/1073 1072/1072/1072
f 1073/1073/1073 1074/1074/1074 1075/1075/1075
f 1078/1078/1078 1077/1077/1077 1076/1076/1076
f 1077/1077/1077 1078/1078/1078 1079/1079/1079
f 1082/1082/1082 1081/1081/1081 1080/1080/1080
f 1085/1085/1085 1084/1084/1084 1083/1083/1083
f 1088/1088/1088 1087/1087/1087 1086/1086/1086
f 1091/1091/1091 1090/1090/1090 1089/1089/1089
f 1094/1094/1094 1093/1093/1093 1092/1092/1092
f 1097/1097/1097 1096/1096/1096 1095/1095/1095
f 1100/1100/1100 1099/1099/1099 1098/1098/1098
f 1103/1103/1103 1102/1102/1102 1101/1101/1101
f 1106/1106/1106 1105/1105/1105 1104/1104/1104
f 1109/1109/1109 1108/1108/1108 1107/1107/1107
f 1108/1108/1108 1109/1109/1109 1110/1110/1110
