mtllib 1C.SHP_posed.mtl
usemtl mat0
v -35.52238845825195 82.90950775146484 -6.940721988677988
v -48.254581451416016 77.72484588623047 14.65181064605712
v -57.852508544921875 72.21605682373047 -24.636013031005866
v -27.56403160095215 65.73658752441406 -25.454376220703132
v -35.52238845825195 82.90950775146484 -6.940721988677988
v -57.852508544921875 72.21605682373047 -24.636013031005866
v -27.56403160095215 65.73658752441406 -25.454376220703132
v -57.852508544921875 72.21605682373047 -24.636013031005866
v -33.502010345458984 46.61144256591797 -28.165452957153327
v -44.68650436401367 39.1934700012207 -10.246356964111333
v -27.56403160095215 65.73658752441406 -25.454376220703132
v -33.502010345458984 46.61144256591797 -28.165452957153327
v -44.68650436401367 39.1934700012207 -10.246356964111333
v -33.502010345458984 46.61144256591797 -28.165452957153327
v -46.20345687866211 32.51030349731445 -4.14814376831055
v -58.4385986328125 39.838600158691406 21.16166305541992
v -44.68650436401367 39.1934700012207 -10.246356964111333
v -46.20345687866211 32.51030349731445 -4.14814376831055
v -58.4385986328125 39.838600158691406 21.16166305541992
v -46.20345687866211 32.51030349731445 -4.14814376831055
v -73.71466827392578 52.60906982421875 -3.732471942901618
v -48.254581451416016 77.72484588623047 14.65181064605712
v -58.4385986328125 39.838600158691406 21.16166305541992
v -73.71466827392578 52.60906982421875 -3.732471942901618
v -48.254581451416016 77.72484588623047 14.65181064605712
v -73.71466827392578 52.60906982421875 -3.732471942901618
v -57.852508544921875 72.21605682373047 -24.636013031005866
v -117.44766998291016 -49.00817108154297 -18.059158325195305
v -132.99392700195312 -26.915149688720707 -28.604885101318356
v -130.565185546875 -40.814842224121094 -7.1596112251281685
v -132.99392700195312 -26.915149688720707 -28.604885101318356
v -117.44766998291016 -49.00817108154297 -18.059158325195305
v -112.4651870727539 -38.72406005859376 -36.85840988159179
v -94.98548126220703 -37.44287872314453 -16.417806625366207
v -108.98848724365234 -50.1973876953125 3.107514858245856
v -106.0516357421875 -25.994470596313477 0.7424401044845613
v -127.74980163574219 -18.384567260742188 -3.292272329330442
v -106.0516357421875 -25.994470596313477 0.7424401044845613
v -121.88533782958984 -46.46714401245117 12.581505775451665
v -121.88533782958984 -46.46714401245117 12.581505775451665
v -106.0516357421875 -25.994470596313477 0.7424401044845613
v -108.98848724365234 -50.1973876953125 3.107514858245856
v -82.03880310058594 12.152772903442381 -18.005186080932617
v -106.0516357421875 -25.994470596313477 0.7424401044845613
v -97.28775787353516 19.263795852661133 -14.144785881042482
v -22.44308853149414 86.65726470947266 9.789079666137685
v -48.254581451416016 77.72484588623047 14.65181064605712
v -35.52238845825195 82.90950775146484 -6.940721988677988
v -35.52238845825195 82.90950775146484 -6.940721988677988
v -27.56403160095215 65.73658752441406 -25.454376220703132
v -22.44308853149414 86.65726470947266 9.789079666137685
v -108.98848724365234 -50.1973876953125 3.107514858245856
v -117.44766998291016 -49.00817108154297 -18.059158325195305
v -129.83438110351562 -88.40235137939453 22.33298110961915
v -109.82321166992188 -43.55966186523437 41.516551971435554
v -105.12480163574219 -36.05394744873047 18.883619308471683
v -99.921875 -53.369880676269524 41.99308013916016
v -108.98848724365234 -50.1973876953125 3.107514858245856
v -105.12480163574219 -36.05394744873047 18.883619308471683
v -121.88533782958984 -46.46714401245117 12.581505775451665
v -99.921875 -53.369880676269524 41.99308013916016
v -121.47862243652344 -55.63832473754882 46.862560272216804
v -109.82321166992188 -43.55966186523437 41.516551971435554
v -109.82321166992188 -43.55966186523437 41.516551971435554
v -121.47862243652344 -55.63832473754882 46.862560272216804
v -121.88533782958984 -46.46714401245117 12.581505775451665
v -110.5709457397461 -73.899658203125 27.912904739379893
v -105.12480163574219 -36.05394744873047 18.883619308471683
v -108.98848724365234 -50.1973876953125 3.107514858245856
v -110.5709457397461 -73.899658203125 27.912904739379893
v -99.921875 -53.369880676269524 41.99308013916016
v -105.12480163574219 -36.05394744873047 18.883619308471683
v -121.88533782958984 -46.46714401245117 12.581505775451665
v -105.12480163574219 -36.05394744873047 18.883619308471683
v -109.82321166992188 -43.55966186523437 41.516551971435554
v -108.98848724365234 -50.1973876953125 3.107514858245856
v -129.83438110351562 -88.40235137939453 22.33298110961915
v -110.5709457397461 -73.899658203125 27.912904739379893
v -134.39520263671875 -48.73884963989257 39.92697906494141
v -121.88533782958984 -46.46714401245117 12.581505775451665
v -121.47862243652344 -55.63832473754882 46.862560272216804
v -82.03880310058594 12.152772903442381 -18.005186080932617
v -46.20345687866211 32.51030349731445 -4.14814376831055
v -33.502010345458984 46.61144256591797 -28.165452957153327
v -33.502010345458984 46.61144256591797 -28.165452957153327
v -57.852508544921875 72.21605682373047 -24.636013031005866
v -102.77124786376953 22.127637863159176 -37.17195510864258
v -57.852508544921875 72.21605682373047 -24.636013031005866
v -97.28775787353516 19.263795852661133 -14.144785881042482
v -102.77124786376953 22.127637863159176 -37.17195510864258
v -97.28775787353516 19.263795852661133 -14.144785881042482
v -57.852508544921875 72.21605682373047 -24.636013031005866
v -73.71466827392578 52.60906982421875 -3.732471942901618
v -73.71466827392578 52.60906982421875 -3.732471942901618
v -82.03880310058594 12.152772903442381 -18.005186080932617
v -97.28775787353516 19.263795852661133 -14.144785881042482
v -82.03880310058594 12.152772903442381 -18.005186080932617
v -73.71466827392578 52.60906982421875 -3.732471942901618
v -46.20345687866211 32.51030349731445 -4.14814376831055
v -88.09041595458984 14.816690444946284 -42.17426300048828
v -82.03880310058594 12.152772903442381 -18.005186080932617
v -33.502010345458984 46.61144256591797 -28.165452957153327
v -33.502010345458984 46.61144256591797 -28.165452957153327
v -102.77124786376953 22.127637863159176 -37.17195510864258
v -88.09041595458984 14.816690444946284 -42.17426300048828
v -88.09041595458984 14.816690444946284 -42.17426300048828
v -78.47183990478516 -4.3307681083679235 -29.141311645507812
v -82.03880310058594 12.152772903442381 -18.005186080932617
v -88.09041595458984 14.816690444946284 -42.17426300048828
v -103.01918029785156 -15.499941825866705 -47.07668685913086
v -78.47183990478516 -4.3307681083679235 -29.141311645507812
v -112.3531265258789 15.997623443603514 -14.553147315979006
v -123.13965606689453 -2.8707313537597705 -39.223697662353516
v -102.77124786376953 22.127637863159176 -37.17195510864258
v -117.44766998291016 -49.00817108154297 -18.059158325195305
v -108.98848724365234 -50.1973876953125 3.107514858245856
v -94.98548126220703 -37.44287872314453 -16.417806625366207
v -112.4651870727539 -38.72406005859376 -36.85840988159179
v -117.44766998291016 -49.00817108154297 -18.059158325195305
v -94.98548126220703 -37.44287872314453 -16.417806625366207
v -130.565185546875 -40.814842224121094 -7.1596112251281685
v -132.99392700195312 -26.915149688720707 -28.604885101318356
v -127.74980163574219 -18.384567260742188 -3.292272329330442
v -112.3531265258789 15.997623443603514 -14.553147315979006
v -102.77124786376953 22.127637863159176 -37.17195510864258
v -97.28775787353516 19.263795852661133 -14.144785881042482
v 41.95710754394531 69.44995880126953 38.84976196289062
v 65.74388885498047 53.9973487854004 51.845928192138665
v 28.194978713989258 66.30979156494142 62.06761169433593
v 49.915462493896484 52.277042388916016 20.336107254028313
v 65.74388885498047 53.9973487854004 51.845928192138665
v 41.95710754394531 69.44995880126953 38.84976196289062
v 49.915462493896484 52.277042388916016 20.336107254028313
v 53.40677261352539 34.78959274291992 25.94500923156738
v 65.74388885498047 53.9973487854004 51.845928192138665
v 37.901527404785156 24.846485137939457 38.56327819824219
v 53.40677261352539 34.78959274291992 25.94500923156738
v 49.915462493896484 52.277042388916016 20.336107254028313
v 37.901527404785156 24.846485137939457 38.56327819824219
v 34.64314651489258 21.31815147399903 46.03098678588867
v 53.40677261352539 34.78959274291992 25.94500923156738
v 17.338050842285156 26.674869537353523 65.94576263427734
v 34.64314651489258 21.31815147399903 46.03098678588867
v 37.901527404785156 24.846485137939457 38.56327819824219
v 17.338050842285156 26.674869537353523 65.94576263427734
v 50.10715103149414 34.74253082275391 73.26424407958984
v 34.64314651489258 21.31815147399903 46.03098678588867
v 28.194978713989258 66.30979156494142 62.06761169433593
v 50.10715103149414 34.74253082275391 73.26424407958984
v 17.338050842285156 26.674869537353523 65.94576263427734
v 28.194978713989258 66.30979156494142 62.06761169433593
v 65.74388885498047 53.9973487854004 51.845928192138665
v 50.10715103149414 34.74253082275391 73.26424407958984
v 92.06584167480469 -60.43888473510741 90.00935363769533
v 100.22122192382812 -50.5486602783203 102.60591125488281
v 114.69468688964844 -44.04420089721679 82.25374603271484
v 114.69468688964844 -44.04420089721679 82.25374603271484
v 97.44422149658203 -56.5591812133789 69.03267669677734
v 92.06584167480469 -60.43888473510741 90.00935363769533
v 73.08106231689453 -48.11102676391601 77.69668579101562
v 78.18801879882812 -32.42150497436522 94.30264282226562
v 74.92216491699219 -54.661499023437486 104.03489685058594
v 101.36283111572266 -27.399145126342763 99.17130279541016
v 83.93748474121094 -48.32312393188475 117.43448638916016
v 78.18801879882812 -32.42150497436522 94.30264282226562
v 83.93748474121094 -48.32312393188475 117.43448638916016
v 74.92216491699219 -54.661499023437486 104.03489685058594
v 78.18801879882812 -32.42150497436522 94.30264282226562
v 74.59294891357422 -4.170076847076409 59.82893371582031
v 87.5877685546875 2.476348876953133 67.03723907470703
v 78.18801879882812 -32.42150497436522 94.30264282226562
v 22.682331085205078 78.81819152832031 36.45826339721679
v 41.95710754394531 69.44995880126953 38.84976196289062
v 28.194978713989258 66.30979156494142 62.06761169433593
v 41.95710754394531 69.44995880126953 38.84976196289062
v 22.682331085205078 78.81819152832031 36.45826339721679
v 49.915462493896484 52.277042388916016 20.336107254028313
v 74.92216491699219 -54.661499023437486 104.03489685058594
v 86.27835845947266 -92.01150512695311 135.60671997070312
v 92.06584167480469 -60.43888473510741 90.00935363769533
v 55.914913177490234 -48.85618591308592 135.56521606445312
v 48.1685676574707 -60.00142669677733 132.35873413085938
v 62.44923782348633 -44.503051757812486 112.41326904296875
v 74.92216491699219 -54.661499023437486 104.03489685058594
v 83.93748474121094 -48.32312393188475 117.43448638916016
v 62.44923782348633 -44.503051757812486 112.41326904296875
v 48.1685676574707 -60.00142669677733 132.35873413085938
v 55.914913177490234 -48.85618591308592 135.56521606445312
v 64.06566619873047 -58.54976654052732 147.8094940185547
v 55.914913177490234 -48.85618591308592 135.56521606445312
v 83.93748474121094 -48.32312393188475 117.43448638916016
v 64.06566619873047 -58.54976654052732 147.8094940185547
v 65.73589324951172 -80.2440948486328 128.39019775390625
v 74.92216491699219 -54.661499023437486 104.03489685058594
v 62.44923782348633 -44.503051757812486 112.41326904296875
v 65.73589324951172 -80.2440948486328 128.39019775390625
v 62.44923782348633 -44.503051757812486 112.41326904296875
v 48.1685676574707 -60.00142669677733 132.35873413085938
v 83.93748474121094 -48.32312393188475 117.43448638916016
v 55.914913177490234 -48.85618591308592 135.56521606445312
v 62.44923782348633 -44.503051757812486 112.41326904296875
v 74.92216491699219 -54.661499023437486 104.03489685058594
v 65.73589324951172 -80.2440948486328 128.39019775390625
v 86.27835845947266 -92.01150512695311 135.60671997070312
v 78.01610565185547 -50.31354522705076 147.50453186035156
v 64.06566619873047 -58.54976654052732 147.8094940185547
v 83.93748474121094 -48.32312393188475 117.43448638916016
v 74.59294891357422 -4.170076847076409 59.82893371582031
v 53.40677261352539 34.78959274291992 25.94500923156738
v 34.64314651489258 21.31815147399903 46.03098678588867
v 53.40677261352539 34.78959274291992 25.94500923156738
v 101.28784942626953 1.3443982601165831 48.3106803894043
v 65.74388885498047 53.9973487854004 51.845928192138665
v 65.74388885498047 53.9973487854004 51.845928192138665
v 101.28784942626953 1.3443982601165831 48.3106803894043
v 87.5877685546875 2.476348876953133 67.03723907470703
v 87.5877685546875 2.476348876953133 67.03723907470703
v 50.10715103149414 34.74253082275391 73.26424407958984
v 65.74388885498047 53.9973487854004 51.845928192138665
v 50.10715103149414 34.74253082275391 73.26424407958984
v 87.5877685546875 2.476348876953133 67.03723907470703
v 74.59294891357422 -4.170076847076409 59.82893371582031
v 74.59294891357422 -4.170076847076409 59.82893371582031
v 34.64314651489258 21.31815147399903 46.03098678588867
v 50.10715103149414 34.74253082275391 73.26424407958984
v 88.12400817871094 -6.796345233917232 38.853328704833984
v 53.40677261352539 34.78959274291992 25.94500923156738
v 74.59294891357422 -4.170076847076409 59.82893371582031
v 53.40677261352539 34.78959274291992 25.94500923156738
v 88.12400817871094 -6.796345233917232 38.853328704833984
v 101.28784942626953 1.3443982601165831 48.3106803894043
v 88.12400817871094 -6.796345233917232 38.853328704833984
v 74.59294891357422 -4.170076847076409 59.82893371582031
v 70.33942413330078 -19.9811782836914 50.6375846862793
v 88.12400817871094 -6.796345233917232 38.853328704833984
v 70.33942413330078 -19.9811782836914 50.6375846862793
v 97.26454162597656 -37.94313812255859 49.45180892944337
v 99.27057647705078 2.334360122680673 73.52873992919922
v 101.28784942626953 1.3443982601165831 48.3106803894043
v 114.48289489746094 -24.759195327758782 61.930267333984375
v 92.06584167480469 -60.43888473510741 90.00935363769533
v 73.08106231689453 -48.11102676391601 77.69668579101562
v 74.92216491699219 -54.661499023437486 104.03489685058594
v 97.44422149658203 -56.5591812133789 69.03267669677734
v 73.08106231689453 -48.11102676391601 77.69668579101562
v 92.06584167480469 -60.43888473510741 90.00935363769533
v 100.22122192382812 -50.5486602783203 102.60591125488281
v 101.36283111572266 -27.399145126342763 99.17130279541016
v 114.69468688964844 -44.04420089721679 82.25374603271484
v 101.36283111572266 -27.399145126342763 99.17130279541016
v 100.22122192382812 -50.5486602783203 102.60591125488281
v 83.93748474121094 -48.32312393188475 117.43448638916016
v 99.27057647705078 2.334360122680673 73.52873992919922
v 87.5877685546875 2.476348876953133 67.03723907470703
v 101.28784942626953 1.3443982601165831 48.3106803894043
v 78.01610565185547 -50.31354522705076 147.50453186035156
v 83.93748474121094 -48.32312393188475 117.43448638916016
v 100.22122192382812 -50.5486602783203 102.60591125488281
v 78.01610565185547 -50.31354522705076 147.50453186035156
v 100.22122192382812 -50.5486602783203 102.60591125488281
v 100.38396453857422 -71.22914123535155 137.32022094726562
v 8.666813850402832 91.10941314697266 13.471182823181142
v 10.752036094665527 83.4832534790039 34.48292922973632
v 18.643386840820312 86.88355255126953 34.077251434326165
v -43.300479888916016 89.3192138671875 13.02909755706786
v -54.310699462890625 84.3703842163086 33.4566307067871
v -45.21274185180664 81.55535125732422 34.00683975219726
v -17.3247013092041 93.07711029052734 2.582227468490589
v -43.300479888916016 89.3192138671875 13.02909755706786
v 8.666813850402832 91.10941314697266 13.471182823181142
v -4.162021636962891 91.38743591308595 108.8878707885742
v 7.814695835113525 97.52614593505861 87.65406036376952
v 13.417523384094238 84.67458343505861 69.20289611816405
v -5.431872844696045 100.08440399169923 105.31712341308592
v -32.41489028930664 99.15487670898439 105.0875778198242
v -18.91641616821289 113.59360504150392 106.60885620117186
v -32.41489028930664 99.15487670898439 105.0875778198242
v -32.86723709106445 112.46838378906251 104.34866333007811
v -18.91641616821289 113.59360504150392 106.60885620117186
v -18.231464385986328 92.36269378662111 112.06586456298827
v -35.9435920715332 56.42955780029298 104.77955627441406
v -32.144412994384766 90.42348480224611 108.64981842041014
v -30.166072845458984 133.09568786621094 56.16964721679686
v -47.46693420410156 108.04083251953126 74.11216735839842
v -43.68205261230469 117.46183013916017 61.545566558837876
v 2.032508373260498 57.73777770996095 105.10261535644531
v -35.9435920715332 56.42955780029298 104.77955627441406
v -18.231464385986328 92.36269378662111 112.06586456298827
v -48.579219818115234 86.89981842041016 55.222480773925774
v -45.21274185180664 81.55535125732422 34.00683975219726
v -54.310699462890625 84.3703842163086 33.4566307067871
v -48.543479919433594 82.54011535644533 68.67579650878905
v -48.579219818115234 86.89981842041016 55.222480773925774
v -47.46693420410156 108.04083251953126 74.11216735839842
v -32.144412994384766 90.42348480224611 108.64981842041014
v -48.543479919433594 82.54011535644533 68.67579650878905
v -45.15196990966797 95.70152282714845 87.20347595214842
v -19.036500930786133 129.19406127929688 57.55163192749022
v -37.655818939208984 119.71720123291016 49.77280807495116
v -18.650266647338867 121.56645202636719 43.037143707275376
v -39.24329376220703 130.526611328125 74.98464202880858
v -47.46693420410156 108.04083251953126 74.11216735839842
v -19.392364501953125 135.4954833984375 73.86621093749999
v -30.166072845458984 133.09568786621094 56.16964721679686
v -43.68205261230469 117.46183013916017 61.545566558837876
v -19.036500930786133 129.19406127929688 57.55163192749022
v -19.036500930786133 129.19406127929688 57.55163192749022
v -9.179281234741211 133.81866455078125 56.34818267822264
v -30.166072845458984 133.09568786621094 56.16964721679686
v -19.392364501953125 135.4954833984375 73.86621093749999
v -47.46693420410156 108.04083251953126 74.11216735839842
v -30.166072845458984 133.09568786621094 56.16964721679686
v -39.24329376220703 130.526611328125 74.98464202880858
v -19.268009185791016 126.98648834228517 93.70509338378905
v -44.716064453125 111.66212463378908 88.95531463623045
v -18.91641616821289 113.59360504150392 106.60885620117186
v -27.30585289001465 127.18358612060548 96.76356506347655
v -12.315286636352539 127.69998931884767 96.89109039306639
v -27.30585289001465 127.18358612060548 96.76356506347655
v -44.716064453125 111.66212463378908 88.95531463623045
v -19.268009185791016 126.98648834228517 93.70509338378905
v -19.268009185791016 126.98648834228517 93.70509338378905
v -12.315286636352539 127.69998931884767 96.89109039306639
v -27.30585289001465 127.18358612060548 96.76356506347655
v -47.46693420410156 108.04083251953126 74.11216735839842
v -39.24329376220703 130.526611328125 74.98464202880858
v -44.716064453125 111.66212463378908 88.95531463623045
v -32.41489028930664 99.15487670898439 105.0875778198242
v -18.269702911376953 96.55166625976564 99.59786987304686
v -45.15196990966797 95.70152282714845 87.20347595214842
v -9.179281234741211 133.81866455078125 56.34818267822264
v -19.392364501953125 135.4954833984375 73.86621093749999
v -30.166072845458984 133.09568786621094 56.16964721679686
v -48.543479919433594 82.54011535644533 68.67579650878905
v -50.084877014160156 69.49922180175783 67.42707061767577
v -16.956274032592773 63.83365631103516 77.69337463378905
v -19.392364501953125 135.4954833984375 73.86621093749999
v -19.268009185791016 126.98648834228517 93.70509338378905
v -39.24329376220703 130.526611328125 74.98464202880858
v -16.956274032592773 63.83365631103516 77.69337463378905
v -50.084877014160156 69.49922180175783 67.42707061767577
v -35.9435920715332 56.42955780029298 104.77955627441406
v -35.9435920715332 56.42955780029298 104.77955627441406
v 2.032508373260498 57.73777770996095 105.10261535644531
v -16.956274032592773 63.83365631103516 77.69337463378905
v -32.86723709106445 112.46838378906251 104.34866333007811
v -44.716064453125 111.66212463378908 88.95531463623045
v -18.91641616821289 113.59360504150392 106.60885620117186
v -18.91641616821289 113.59360504150392 106.60885620117186
v -44.716064453125 111.66212463378908 88.95531463623045
v -27.30585289001465 127.18358612060548 96.76356506347655
v -43.68205261230469 117.46183013916017 61.545566558837876
v -37.655818939208984 119.71720123291016 49.77280807495116
v -19.036500930786133 129.19406127929688 57.55163192749022
v -48.579219818115234 86.89981842041016 55.222480773925774
v -43.68205261230469 117.46183013916017 61.545566558837876
v -47.46693420410156 108.04083251953126 74.11216735839842
v -18.231464385986328 92.36269378662111 112.06586456298827
v -4.162021636962891 91.38743591308595 108.8878707885742
v 2.032508373260498 57.73777770996095 105.10261535644531
v -9.179281234741211 133.81866455078125 56.34818267822264
v 5.2871294021606445 119.14874267578126 61.96214675903319
v 10.496587753295898 110.03759002685548 74.60526275634764
v 12.382413864135742 88.99986267089844 55.74107742309569
v 18.643386840820312 86.88355255126953 34.077251434326165
v 10.752036094665527 83.4832534790039 34.48292922973632
v 13.417523384094238 84.67458343505861 69.20289611816405
v 10.496587753295898 110.03759002685548 74.60526275634764
v 12.382413864135742 88.99986267089844 55.74107742309569
v -19.036500930786133 129.19406127929688 57.55163192749022
v -18.650266647338867 121.56645202636719 43.037143707275376
v -0.679091215133667 120.99099731445312 50.087368011474595
v -19.392364501953125 135.4954833984375 73.86621093749999
v 10.496587753295898 110.03759002685548 74.60526275634764
v -0.26782339811325073 131.8692626953125 75.31620025634764
v -19.036500930786133 129.19406127929688 57.55163192749022
v 5.2871294021606445 119.14874267578126 61.96214675903319
v -9.179281234741211 133.81866455078125 56.34818267822264
v -19.392364501953125 135.4954833984375 73.86621093749999
v -9.179281234741211 133.81866455078125 56.34818267822264
v 10.496587753295898 110.03759002685548 74.60526275634764
v -0.26782339811325073 131.8692626953125 75.31620025634764
v 6.25186014175415 113.41790008544923 89.38890075683592
v -19.268009185791016 126.98648834228517 93.70509338378905
v -19.268009185791016 126.98648834228517 93.70509338378905
v 6.25186014175415 113.41790008544923 89.38890075683592
v -12.315286636352539 127.69998931884767 96.89109039306639
v 10.496587753295898 110.03759002685548 74.60526275634764
v 6.25186014175415 113.41790008544923 89.38890075683592
v -0.26782339811325073 131.8692626953125 75.31620025634764
v -5.431872844696045 100.08440399169923 105.31712341308592
v 7.814695835113525 97.52614593505861 87.65406036376952
v -18.269702911376953 96.55166625976564 99.59786987304686
v -5.431872844696045 100.08440399169923 105.31712341308592
v -18.269702911376953 96.55166625976564 99.59786987304686
v -32.41489028930664 99.15487670898439 105.0875778198242
v 13.417523384094238 84.67458343505861 69.20289611816405
v -16.956274032592773 63.83365631103516 77.69337463378905
v 15.873611450195312 71.77140045166017 67.98818206787108
v -19.392364501953125 135.4954833984375 73.86621093749999
v -0.26782339811325073 131.8692626953125 75.31620025634764
v -19.268009185791016 126.98648834228517 93.70509338378905
v 2.032508373260498 57.73777770996095 105.10261535644531
v 15.873611450195312 71.77140045166017 67.98818206787108
v -16.956274032592773 63.83365631103516 77.69337463378905
v -4.884847164154053 113.43233489990236 104.58671569824217
v -18.91641616821289 113.59360504150392 106.60885620117186
v 6.25186014175415 113.41790008544923 89.38890075683592
v -18.91641616821289 113.59360504150392 106.60885620117186
v -12.315286636352539 127.69998931884767 96.89109039306639
v 6.25186014175415 113.41790008544923 89.38890075683592
v -5.431872844696045 100.08440399169923 105.31712341308592
v -18.91641616821289 113.59360504150392 106.60885620117186
v -4.884847164154053 113.43233489990236 104.58671569824217
v 5.2871294021606445 119.14874267578126 61.96214675903319
v -19.036500930786133 129.19406127929688 57.55163192749022
v -0.679091215133667 120.99099731445312 50.087368011474595
v 12.382413864135742 88.99986267089844 55.74107742309569
v 10.496587753295898 110.03759002685548 74.60526275634764
v 5.2871294021606445 119.14874267578126 61.96214675903319
v -44.323020935058594 71.54570007324219 40.38171386718749
v -23.409988403320312 83.77791595458984 28.464584350585927
v -45.21274185180664 81.55535125732422 34.00683975219726
v -14.362985610961914 100.80005645751953 4.24891662597655
v -23.409988403320312 83.77791595458984 28.464584350585927
v -44.323020935058594 71.54570007324219 40.38171386718749
v 7.241239547729492 78.45326232910156 46.57950210571288
v 2.505247116088867 63.41080856323243 68.05728149414061
v 10.752036094665527 83.4832534790039 34.48292922973632
v 2.505247116088867 63.41080856323243 68.05728149414061
v 7.241239547729492 78.45326232910156 46.57950210571288
v 27.35674285888672 93.55260467529297 28.905330657958974
v 10.959404945373535 61.26667022705078 -0.5352134704589919
v 27.35674285888672 93.55260467529297 28.905330657958974
v -14.362985610961914 100.80005645751953 4.24891662597655
v 10.959404945373535 61.26667022705078 -0.5352134704589919
v 49.915462493896484 52.277042388916016 20.336107254028313
v 27.35674285888672 93.55260467529297 28.905330657958974
v -52.5703125 -32.38324737548828 -0.05896711349486908
v -41.12743377685547 -23.78121757507324 36.79563903808594
v -14.24422550201416 -53.14894485473633 28.254056930542
v -14.24422550201416 -53.14894485473633 28.254056930542
v -41.12743377685547 -23.78121757507324 36.79563903808594
v -25.933609008789062 -41.50985717773437 47.14614486694337
v 5.419593334197998 13.217231750488281 -5.285147666931154
v 10.959404945373535 61.26667022705078 -0.5352134704589919
v -27.56403160095215 65.73658752441406 -25.454376220703132
v -41.12743377685547 -23.78121757507324 36.79563903808594
v -27.562726974487305 -2.891310930252076 -7.8699631690979
v -58.4385986328125 39.838600158691406 21.16166305541992
v -27.562726974487305 -2.891310930252076 -7.8699631690979
v -41.12743377685547 -23.78121757507324 36.79563903808594
v -52.5703125 -32.38324737548828 -0.05896711349486908
v -27.56403160095215 65.73658752441406 -25.454376220703132
v 10.959404945373535 61.26667022705078 -0.5352134704589919
v -14.362985610961914 100.80005645751953 4.24891662597655
v -58.4385986328125 39.838600158691406 21.16166305541992
v -26.483232498168945 49.24326324462891 59.28524017333984
v -28.148439407348633 -17.42041587829589 59.193145751953125
v -41.12743377685547 -23.78121757507324 36.79563903808594
v -28.148439407348633 -17.42041587829589 59.193145751953125
v -25.933609008789062 -41.50985717773437 47.14614486694337
v -41.0663948059082 -34.73661804199219 -23.34247016906738
v -27.562726974487305 -2.891310930252076 -7.8699631690979
v -52.5703125 -32.38324737548828 -0.05896711349486908
v -22.44308853149414 86.65726470947266 9.789079666137685
v -14.362985610961914 100.80005645751953 4.24891662597655
v -44.323020935058594 71.54570007324219 40.38171386718749
v -44.68650436401367 39.1934700012207 -10.246356964111333
v -27.562726974487305 -2.891310930252076 -7.8699631690979
v -27.56403160095215 65.73658752441406 -25.454376220703132
v -58.4385986328125 39.838600158691406 21.16166305541992
v -27.562726974487305 -2.891310930252076 -7.8699631690979
v -44.68650436401367 39.1934700012207 -10.246356964111333
v -58.4385986328125 39.838600158691406 21.16166305541992
v -44.323020935058594 71.54570007324219 40.38171386718749
v -26.483232498168945 49.24326324462891 59.28524017333984
v -48.254581451416016 77.72484588623047 14.65181064605712
v -44.323020935058594 71.54570007324219 40.38171386718749
v -58.4385986328125 39.838600158691406 21.16166305541992
v -41.12743377685547 -23.78121757507324 36.79563903808594
v -58.4385986328125 39.838600158691406 21.16166305541992
v -28.148439407348633 -17.42041587829589 59.193145751953125
v -9.616287231445312 -39.98649978637696 -35.103828430175774
v -27.562726974487305 -2.891310930252076 -7.8699631690979
v -41.0663948059082 -34.73661804199219 -23.34247016906738
v -9.616287231445312 -39.98649978637696 -35.103828430175774
v 5.419593334197998 13.217231750488281 -5.285147666931154
v -27.562726974487305 -2.891310930252076 -7.8699631690979
v 0.48477980494499207 -74.03874206542969 -1.74048674106597
v 5.419593334197998 13.217231750488281 -5.285147666931154
v -9.616287231445312 -39.98649978637696 -35.103828430175774
v -14.362985610961914 100.80005645751953 4.24891662597655
v -22.44308853149414 86.65726470947266 9.789079666137685
v -27.56403160095215 65.73658752441406 -25.454376220703132
v -27.56403160095215 65.73658752441406 -25.454376220703132
v -27.562726974487305 -2.891310930252076 -7.8699631690979
v 5.419593334197998 13.217231750488281 -5.285147666931154
v -48.254581451416016 77.72484588623047 14.65181064605712
v -22.44308853149414 86.65726470947266 9.789079666137685
v -44.323020935058594 71.54570007324219 40.38171386718749
v 31.686397552490234 -32.81120300292968 41.61386108398438
v -14.24422550201416 -53.14894485473633 28.254056930542
v -5.645199298858643 -28.29300689697265 52.34088897705078
v -14.24422550201416 -53.14894485473633 28.254056930542
v -25.933609008789062 -41.50985717773437 47.14614486694337
v -5.645199298858643 -28.29300689697265 52.34088897705078
v 5.419593334197998 13.217231750488281 -5.285147666931154
v 49.915462493896484 52.277042388916016 20.336107254028313
v 10.959404945373535 61.26667022705078 -0.5352134704589919
v -5.645199298858643 -28.29300689697265 52.34088897705078
v 17.338050842285156 26.674869537353523 65.94576263427734
v 18.41411590576172 -10.878293037414549 19.302412033081055
v 18.41411590576172 -10.878293037414549 19.302412033081055
v 31.686397552490234 -32.81120300292968 41.61386108398438
v -5.645199298858643 -28.29300689697265 52.34088897705078
v 17.338050842285156 26.674869537353523 65.94576263427734
v -28.148439407348633 -17.42041587829589 59.193145751953125
v -26.483232498168945 49.24326324462891 59.28524017333984
v -5.645199298858643 -28.29300689697265 52.34088897705078
v -25.933609008789062 -41.50985717773437 47.14614486694337
v -28.148439407348633 -17.42041587829589 59.193145751953125
v 43.19031524658203 -35.164573669433594 18.330356597900394
v 31.686397552490234 -32.81120300292968 41.61386108398438
v 18.41411590576172 -10.878293037414549 19.302412033081055
v 22.682331085205078 78.81819152832031 36.45826339721679
v 2.505247116088867 63.41080856323243 68.05728149414061
v 27.35674285888672 93.55260467529297 28.905330657958974
v 37.901527404785156 24.846485137939457 38.56327819824219
v 49.915462493896484 52.277042388916016 20.336107254028313
v 18.41411590576172 -10.878293037414549 19.302412033081055
v 17.338050842285156 26.674869537353523 65.94576263427734
v 37.901527404785156 24.846485137939457 38.56327819824219
v 18.41411590576172 -10.878293037414549 19.302412033081055
v 17.338050842285156 26.674869537353523 65.94576263427734
v -26.483232498168945 49.24326324462891 59.28524017333984
v 2.505247116088867 63.41080856323243 68.05728149414061
v 28.194978713989258 66.30979156494142 62.06761169433593
v 17.338050842285156 26.674869537353523 65.94576263427734
v 2.505247116088867 63.41080856323243 68.05728149414061
v -5.645199298858643 -28.29300689697265 52.34088897705078
v -28.148439407348633 -17.42041587829589 59.193145751953125
v 17.338050842285156 26.674869537353523 65.94576263427734
v 33.40841293334961 -40.20503234863281 -13.824088096618647
v 43.19031524658203 -35.164573669433594 18.330356597900394
v 18.41411590576172 -10.878293037414549 19.302412033081055
v 33.40841293334961 -40.20503234863281 -13.824088096618647
v 18.41411590576172 -10.878293037414549 19.302412033081055
v 5.419593334197998 13.217231750488281 -5.285147666931154
v 0.48477980494499207 -74.03874206542969 -1.74048674106597
v 33.40841293334961 -40.20503234863281 -13.824088096618647
v 5.419593334197998 13.217231750488281 -5.285147666931154
v 27.35674285888672 93.55260467529297 28.905330657958974
v 49.915462493896484 52.277042388916016 20.336107254028313
v 22.682331085205078 78.81819152832031 36.45826339721679
v 49.915462493896484 52.277042388916016 20.336107254028313
v 5.419593334197998 13.217231750488281 -5.285147666931154
v 18.41411590576172 -10.878293037414549 19.302412033081055
v 28.194978713989258 66.30979156494142 62.06761169433593
v 2.505247116088867 63.41080856323243 68.05728149414061
v 22.682331085205078 78.81819152832031 36.45826339721679
v -52.28871536254883 -111.8172378540039 -0.29168903827665865
v -42.07249069213867 -133.266357421875 1.8154087066650555
v -71.77118682861328 -117.50020599365234 17.52508354187013
v -52.28871536254883 -111.8172378540039 -0.29168903827665865
v -71.77118682861328 -117.50020599365234 17.52508354187013
v -66.3720932006836 -90.21577453613281 19.821723937988292
v -77.15211486816406 -87.24110412597656 9.824597358703624
v -82.55120849609375 -114.5255355834961 7.527956008911147
v -63.78740310668945 -108.64425659179688 -10.955290794372546
v -79.57917022705078 -190.10960388183594 -19.554109573364233
v -21.681941986083984 -191.97784423828125 -35.42304992675779
v -34.542930603027344 -192.212890625 -60.418373107910135
v -71.77118682861328 -117.50020599365234 17.52508354187013
v -42.07249069213867 -133.266357421875 1.8154087066650555
v -46.118858337402344 -171.43075561523438 -26.18330192565916
v -56.18021011352539 -168.65438842773438 -35.513954162597635
v -73.69388580322266 -124.5406494140625 -27.50949668884276
v -82.55120849609375 -114.5255355834961 7.527956008911147
v -73.69388580322266 -124.5406494140625 -27.50949668884276
v -56.18021011352539 -168.65438842773438 -35.513954162597635
v -45.62702560424805 -152.04002380371094 -40.44949722290037
v -42.07249069213867 -133.266357421875 1.8154087066650555
v -36.28434371948242 -154.61807250976562 -31.785320281982404
v -46.118858337402344 -171.43075561523438 -26.18330192565916
v -30.641752243041992 -117.93496704101562 -19.452480316162095
v -36.28434371948242 -154.61807250976562 -31.785320281982404
v -42.07249069213867 -133.266357421875 1.8154087066650555
v -73.69388580322266 -124.5406494140625 -27.50949668884276
v -45.62702560424805 -152.04002380371094 -40.44949722290037
v -49.32712173461914 -112.77886962890625 -36.78083419799803
v -73.69388580322266 -124.5406494140625 -27.50949668884276
v -63.78740310668945 -108.64425659179688 -10.955290794372546
v -82.55120849609375 -114.5255355834961 7.527956008911147
v -52.28871536254883 -111.8172378540039 -0.29168903827665865
v -30.641752243041992 -117.93496704101562 -19.452480316162095
v -42.07249069213867 -133.266357421875 1.8154087066650555
v -73.69388580322266 -124.5406494140625 -27.50949668884276
v -49.32712173461914 -112.77886962890625 -36.78083419799803
v -63.78740310668945 -108.64425659179688 -10.955290794372546
v -46.118858337402344 -171.43075561523438 -26.18330192565916
v -79.57917022705078 -190.10960388183594 -19.554109573364233
v -56.18021011352539 -168.65438842773438 -35.513954162597635
v -69.66493225097656 -168.35643005371094 -3.00029706954954
v -54.85606384277344 -190.35215759277344 -1.9707093238830333
v -96.91144561767578 -189.08717346191406 5.516361236572289
v -21.681941986083984 -191.97784423828125 -35.42304992675779
v -46.118858337402344 -171.43075561523438 -26.18330192565916
v -36.28434371948242 -154.61807250976562 -31.785320281982404
v -34.542930603027344 -192.212890625 -60.418373107910135
v -45.62702560424805 -152.04002380371094 -40.44949722290037
v -56.18021011352539 -168.65438842773438 -35.513954162597635
v -86.63375854492188 -169.65159606933594 -36.05364990234373
v -109.77243041992188 -189.3222198486328 -19.478961944580053
v -79.6594009399414 -190.8054656982422 -50.175975799560526
v 0.48477980494499207 -74.03874206542969 -1.74048674106597
v -52.28871536254883 -111.8172378540039 -0.29168903827665865
v -66.3720932006836 -90.21577453613281 19.821723937988292
v -67.93114471435547 -77.70842742919922 -24.28977394104003
v -77.15211486816406 -87.24110412597656 9.824597358703624
v -63.78740310668945 -108.64425659179688 -10.955290794372546
v 0.48477980494499207 -74.03874206542969 -1.74048674106597
v -66.3720932006836 -90.21577453613281 19.821723937988292
v -14.24422550201416 -53.14894485473633 28.254056930542
v -52.5703125 -32.38324737548828 -0.05896711349486908
v -77.15211486816406 -87.24110412597656 9.824597358703624
v -67.93114471435547 -77.70842742919922 -24.28977394104003
v -36.471099853515625 -92.34716033935547 -26.55895423889159
v 0.48477980494499207 -74.03874206542969 -1.74048674106597
v -9.616287231445312 -39.98649978637696 -35.103828430175774
v -14.24422550201416 -53.14894485473633 28.254056930542
v -77.15211486816406 -87.24110412597656 9.824597358703624
v -52.5703125 -32.38324737548828 -0.05896711349486908
v -77.15211486816406 -87.24110412597656 9.824597358703624
v -14.24422550201416 -53.14894485473633 28.254056930542
v -66.3720932006836 -90.21577453613281 19.821723937988292
v -36.471099853515625 -92.34716033935547 -26.55895423889159
v -52.28871536254883 -111.8172378540039 -0.29168903827665865
v 0.48477980494499207 -74.03874206542969 -1.74048674106597
v -67.93114471435547 -77.70842742919922 -24.28977394104003
v -63.78740310668945 -108.64425659179688 -10.955290794372546
v -36.471099853515625 -92.34716033935547 -26.55895423889159
v -63.78740310668945 -108.64425659179688 -10.955290794372546
v -52.28871536254883 -111.8172378540039 -0.29168903827665865
v -36.471099853515625 -92.34716033935547 -26.55895423889159
v -41.0663948059082 -34.73661804199219 -23.34247016906738
v -52.5703125 -32.38324737548828 -0.05896711349486908
v -67.93114471435547 -77.70842742919922 -24.28977394104003
v 20.656095504760742 -102.74462127685547 57.779949188232436
v 12.81619644165039 -100.39765167236327 83.93929290771486
v 11.374225616455078 -126.22174835205078 57.797466278076186
v 20.656095504760742 -102.74462127685547 57.779949188232436
v 11.040799140930176 -75.9090118408203 73.7771453857422
v 12.81619644165039 -100.39765167236327 83.93929290771486
v 25.240318298339844 -73.21395874023436 77.79091644287111
v 35.802249908447266 -99.86988830566405 62.061305999755874
v 27.015714645385742 -97.7025909423828 87.95306396484376
v 43.18588638305664 -191.33851623535156 94.40759277343753
v 56.56861877441406 -193.10073852539062 36.584644317626974
v 28.524587631225586 -192.8385772705078 36.85128402709963
v 12.81619644165039 -100.39765167236327 83.93929290771486
v 32.75102615356445 -168.09353637695312 62.607566833496115
v 11.374225616455078 -126.22174835205078 57.797466278076186
v 45.057273864746094 -165.7578125 66.08616638183595
v 27.015714645385742 -97.7025909423828 87.95306396484376
v 52.07951354980469 -118.49591827392577 69.30361175537111
v 52.07951354980469 -118.49591827392577 69.30361175537111
v 47.472450256347656 -154.05738830566406 49.685718536376974
v 45.057273864746094 -165.7578125 66.08616638183595
v 11.374225616455078 -126.22174835205078 57.797466278076186
v 32.75102615356445 -168.09353637695312 62.607566833496115
v 35.16619873046875 -156.3931121826172 46.20711898803713
v 26.502241134643555 -120.46881103515625 34.05046844482423
v 11.374225616455078 -126.22174835205078 57.797466278076186
v 35.16619873046875 -156.3931121826172 46.20711898803713
v 52.07951354980469 -118.49591827392577 69.30361175537111
v 51.11473846435547 -115.79737854003906 41.007671356201186
v 47.472450256347656 -154.05738830566406 49.685718536376974
v 52.07951354980469 -118.49591827392577 69.30361175537111
v 27.015714645385742 -97.7025909423828 87.95306396484376
v 35.802249908447266 -99.86988830566405 62.061305999755874
v 20.656095504760742 -102.74462127685547 57.779949188232436
v 11.374225616455078 -126.22174835205078 57.797466278076186
v 26.502241134643555 -120.46881103515625 34.05046844482423
v 52.07951354980469 -118.49591827392577 69.30361175537111
v 35.802249908447266 -99.86988830566405 62.061305999755874
v 51.11473846435547 -115.79737854003906 41.007671356201186
v 32.75102615356445 -168.09353637695312 62.607566833496115
v 45.057273864746094 -165.7578125 66.08616638183595
v 43.18588638305664 -191.33851623535156 94.40759277343753
v 23.921398162841797 -169.1155242919922 93.34860229492189
v 28.454851150512695 -190.45162963867185 120.9507751464844
v 15.991731643676758 -191.47276306152344 80.97564697265628
v 28.524587631225586 -192.8385772705078 36.85128402709963
v 35.16619873046875 -156.3931121826172 46.20711898803713
v 32.75102615356445 -168.09353637695312 62.607566833496115
v 56.56861877441406 -193.10073852539062 36.584644317626974
v 45.057273864746094 -165.7578125 66.08616638183595
v 47.472450256347656 -154.05738830566406 49.685718536376974
v 60.989261627197266 -170.46652221679688 92.96372985839845
v 69.07508087158203 -191.96900939941406 80.47093200683597
v 57.500457763671875 -190.72314453124997 120.67461395263675
v 0.48477980494499207 -74.03874206542969 -1.74048674106597
v 11.040799140930176 -75.9090118408203 73.7771453857422
v 20.656095504760742 -102.74462127685547 57.779949188232436
v 51.28164291381836 -71.97412109375 52.10044097900391
v 35.802249908447266 -99.86988830566405 62.061305999755874
v 25.240318298339844 -73.21395874023436 77.79091644287111
v 0.48477980494499207 -74.03874206542969 -1.74048674106597
v -14.24422550201416 -53.14894485473633 28.254056930542
v 11.040799140930176 -75.9090118408203 73.7771453857422
v 31.686397552490234 -32.81120300292968 41.61386108398438
v 51.28164291381836 -71.97412109375 52.10044097900391
v 25.240318298339844 -73.21395874023436 77.79091644287111
v 36.630794525146484 -91.6163330078125 27.428340911865245
v 33.40841293334961 -40.20503234863281 -13.824088096618647
v 0.48477980494499207 -74.03874206542969 -1.74048674106597
v -14.24422550201416 -53.14894485473633 28.254056930542
v 31.686397552490234 -32.81120300292968 41.61386108398438
v 25.240318298339844 -73.21395874023436 77.79091644287111
v 25.240318298339844 -73.21395874023436 77.79091644287111
v 11.040799140930176 -75.9090118408203 73.7771453857422
v -14.24422550201416 -53.14894485473633 28.254056930542
v 36.630794525146484 -91.6163330078125 27.428340911865245
v 0.48477980494499207 -74.03874206542969 -1.74048674106597
v 20.656095504760742 -102.74462127685547 57.779949188232436
v 51.28164291381836 -71.97412109375 52.10044097900391
v 36.630794525146484 -91.6163330078125 27.428340911865245
v 35.802249908447266 -99.86988830566405 62.061305999755874
v 35.802249908447266 -99.86988830566405 62.061305999755874
v 36.630794525146484 -91.6163330078125 27.428340911865245
v 20.656095504760742 -102.74462127685547 57.779949188232436
v 43.19031524658203 -35.164573669433594 18.330356597900394
v 51.28164291381836 -71.97412109375 52.10044097900391
v 31.686397552490234 -32.81120300292968 41.61386108398438
v -82.03880310058594 12.152772903442381 -18.005186080932617
v -78.47183990478516 -4.3307681083679235 -29.141311645507812
v -106.0516357421875 -25.994470596313477 0.7424401044845613
v -94.98548126220703 -37.44287872314453 -16.417806625366207
v -106.0516357421875 -25.994470596313477 0.7424401044845613
v -127.74980163574219 -18.384567260742188 -3.292272329330442
v -97.28775787353516 19.263795852661133 -14.144785881042482
v -112.3531265258789 15.997623443603514 -14.553147315979006
v -132.99392700195312 -26.915149688720707 -28.604885101318356
v -112.4651870727539 -38.72406005859376 -36.85840988159179
v -123.13965606689453 -2.8707313537597705 -39.223697662353516
v -103.01918029785156 -15.499941825866705 -47.07668685913086
v -88.09041595458984 14.816690444946284 -42.17426300048828
v -102.77124786376953 22.127637863159176 -37.17195510864258
v -103.01918029785156 -15.499941825866705 -47.07668685913086
v -123.13965606689453 -2.8707313537597705 -39.223697662353516
v -132.99392700195312 -26.915149688720707 -28.604885101318356
v -123.13965606689453 -2.8707313537597705 -39.223697662353516
v -127.74980163574219 -18.384567260742188 -3.292272329330442
v -112.3531265258789 15.997623443603514 -14.553147315979006
v -103.01918029785156 -15.499941825866705 -47.07668685913086
v -112.4651870727539 -38.72406005859376 -36.85840988159179
v -78.47183990478516 -4.3307681083679235 -29.141311645507812
v -94.98548126220703 -37.44287872314453 -16.417806625366207
v 73.08106231689453 -48.11102676391601 77.69668579101562
v 70.33942413330078 -19.9811782836914 50.6375846862793
v 78.18801879882812 -32.42150497436522 94.30264282226562
v 74.59294891357422 -4.170076847076409 59.82893371582031
v 99.27057647705078 2.334360122680673 73.52873992919922
v 101.36283111572266 -27.399145126342763 99.17130279541016
v 87.5877685546875 2.476348876953133 67.03723907470703
v 78.18801879882812 -32.42150497436522 94.30264282226562
v 97.26454162597656 -37.94313812255859 49.45180892944337
v 97.44422149658203 -56.5591812133789 69.03267669677734
v 114.48289489746094 -24.759195327758782 61.930267333984375
v 114.69468688964844 -44.04420089721679 82.25374603271484
v 86.27835845947266 -92.01150512695311 135.60671997070312
v 65.73589324951172 -80.2440948486328 128.39019775390625
v 64.06566619873047 -58.54976654052732 147.8094940185547
v 48.1685676574707 -60.00142669677733 132.35873413085938
v 114.48289489746094 -24.759195327758782 61.930267333984375
v 101.28784942626953 1.3443982601165831 48.3106803894043
v 97.26454162597656 -37.94313812255859 49.45180892944337
v 88.12400817871094 -6.796345233917232 38.853328704833984
v 99.27057647705078 2.334360122680673 73.52873992919922
v 114.48289489746094 -24.759195327758782 61.930267333984375
v 101.36283111572266 -27.399145126342763 99.17130279541016
v 114.69468688964844 -44.04420089721679 82.25374603271484
v 73.08106231689453 -48.11102676391601 77.69668579101562
v 97.44422149658203 -56.5591812133789 69.03267669677734
v 70.33942413330078 -19.9811782836914 50.6375846862793
v 97.26454162597656 -37.94313812255859 49.45180892944337
v 7.241239547729492 78.45326232910156 46.57950210571288
v 10.752036094665527 83.4832534790039 34.48292922973632
v -23.409988403320312 83.77791595458984 28.464584350585927
v -45.21274185180664 81.55535125732422 34.00683975219726
v -61.77114486694336 96.5892333984375 37.584777832031236
v -48.579219818115234 86.89981842041016 55.222480773925774
v -79.33535766601562 141.5457305908203 38.22588729858397
v -47.46693420410156 108.04083251953126 74.11216735839842
v -48.579219818115234 86.89981842041016 55.222480773925774
v -61.77114486694336 96.5892333984375 37.584777832031236
v -47.46693420410156 108.04083251953126 74.11216735839842
v -79.33535766601562 141.5457305908203 38.22588729858397
v 10.496587753295898 110.03759002685548 74.60526275634764
v 12.382413864135742 88.99986267089844 55.74107742309569
v 39.58979797363281 145.6425323486328 39.23758316040037
v 25.174137115478516 99.5843734741211 38.324420928955064
v 39.58979797363281 145.6425323486328 39.23758316040037
v 25.174137115478516 99.5843734741211 38.324420928955064
v 10.496587753295898 110.03759002685548 74.60526275634764
v 12.382413864135742 88.99986267089844 55.74107742309569
v -45.21274185180664 81.55535125732422 34.00683975219726
v 10.752036094665527 83.4832534790039 34.48292922973632
v -43.300479888916016 89.3192138671875 13.02909755706786
v 8.666813850402832 91.10941314697266 13.471182823181142
v -17.3247013092041 93.07711029052734 2.582227468490589
v -17.60445213317871 94.37557983398438 30.208948135375966
v -43.300479888916016 89.3192138671875 13.02909755706786
v -39.57524490356445 91.26759338378906 37.73388290405272
v -39.57524490356445 91.26759338378906 37.73388290405272
v -17.60445213317871 94.37557983398438 30.208948135375966
v -37.655818939208984 119.71720123291016 49.77280807495116
v -18.650266647338867 121.56645202636719 43.037143707275376
v -4.162021636962891 91.38743591308595 108.8878707885742
v 13.417523384094238 84.67458343505861 69.20289611816405
v 2.032508373260498 57.73777770996095 105.10261535644531
v 15.873611450195312 71.77140045166017 67.98818206787108
v 4.397080898284912 92.78237915039062 38.10795593261717
v -17.60445213317871 94.37557983398438 30.208948135375966
v 8.666813850402832 91.10941314697266 13.471182823181142
v -17.3247013092041 93.07711029052734 2.582227468490589
v 4.397080898284912 92.78237915039062 38.10795593261717
v -0.679091215133667 120.99099731445312 50.087368011474595
v -17.60445213317871 94.37557983398438 30.208948135375966
v -18.650266647338867 121.56645202636719 43.037143707275376
v -16.956274032592773 63.83365631103516 77.69337463378905
v -26.483232498168945 49.24326324462891 59.28524017333984
v -48.543479919433594 82.54011535644533 68.67579650878905
v -44.323020935058594 71.54570007324219 40.38171386718749
v -45.21274185180664 81.55535125732422 34.00683975219726
v -48.579219818115234 86.89981842041016 55.222480773925774
v -44.323020935058594 71.54570007324219 40.38171386718749
v -48.543479919433594 82.54011535644533 68.67579650878905
v -43.300479888916016 89.3192138671875 13.02909755706786
v -39.57524490356445 91.26759338378906 37.73388290405272
v -54.310699462890625 84.3703842163086 33.4566307067871
v -48.579219818115234 86.89981842041016 55.222480773925774
v -18.269702911376953 96.55166625976564 99.59786987304686
v -18.231464385986328 92.36269378662111 112.06586456298827
v -45.15196990966797 95.70152282714845 87.20347595214842
v -32.144412994384766 90.42348480224611 108.64981842041014
v -35.9435920715332 56.42955780029298 104.77955627441406
v -50.084877014160156 69.49922180175783 67.42707061767577
v -32.144412994384766 90.42348480224611 108.64981842041014
v -48.543479919433594 82.54011535644533 68.67579650878905
v -47.46693420410156 108.04083251953126 74.11216735839842
v -44.716064453125 111.66212463378908 88.95531463623045
v -48.543479919433594 82.54011535644533 68.67579650878905
v -45.15196990966797 95.70152282714845 87.20347595214842
v -39.57524490356445 91.26759338378906 37.73388290405272
v -37.655818939208984 119.71720123291016 49.77280807495116
v -48.579219818115234 86.89981842041016 55.222480773925774
v -43.68205261230469 117.46183013916017 61.545566558837876
v -44.716064453125 111.66212463378908 88.95531463623045
v -32.86723709106445 112.46838378906251 104.34866333007811
v -45.15196990966797 95.70152282714845 87.20347595214842
v -32.41489028930664 99.15487670898439 105.0875778198242
v 2.505247116088867 63.41080856323243 68.05728149414061
v -26.483232498168945 49.24326324462891 59.28524017333984
v 13.417523384094238 84.67458343505861 69.20289611816405
v -16.956274032592773 63.83365631103516 77.69337463378905
v 13.417523384094238 84.67458343505861 69.20289611816405
v 12.382413864135742 88.99986267089844 55.74107742309569
v 2.505247116088867 63.41080856323243 68.05728149414061
v 10.752036094665527 83.4832534790039 34.48292922973632
v 12.382413864135742 88.99986267089844 55.74107742309569
v 4.397080898284912 92.78237915039062 38.10795593261717
v 18.643386840820312 86.88355255126953 34.077251434326165
v 8.666813850402832 91.10941314697266 13.471182823181142
v -4.162021636962891 91.38743591308595 108.8878707885742
v -18.231464385986328 92.36269378662111 112.06586456298827
v 7.814695835113525 97.52614593505861 87.65406036376952
v -18.269702911376953 96.55166625976564 99.59786987304686
v 7.814695835113525 97.52614593505861 87.65406036376952
v 6.25186014175415 113.41790008544923 89.38890075683592
v 13.417523384094238 84.67458343505861 69.20289611816405
v 10.496587753295898 110.03759002685548 74.60526275634764
v 5.2871294021606445 119.14874267578126 61.96214675903319
v -0.679091215133667 120.99099731445312 50.087368011474595
v 12.382413864135742 88.99986267089844 55.74107742309569
v 4.397080898284912 92.78237915039062 38.10795593261717
v -5.431872844696045 100.08440399169923 105.31712341308592
v -4.884847164154053 113.43233489990236 104.58671569824217
v 7.814695835113525 97.52614593505861 87.65406036376952
v 6.25186014175415 113.41790008544923 89.38890075683592
v 7.241239547729492 78.45326232910156 46.57950210571288
v -23.409988403320312 83.77791595458984 28.464584350585927
v 27.35674285888672 93.55260467529297 28.905330657958974
v -14.362985610961914 100.80005645751953 4.24891662597655
v -71.77118682861328 -117.50020599365234 17.52508354187013
v -82.55120849609375 -114.5255355834961 7.527956008911147
v -66.3720932006836 -90.21577453613281 19.821723937988292
v -77.15211486816406 -87.24110412597656 9.824597358703624
v -34.542930603027344 -192.212890625 -60.418373107910135
v -79.6594009399414 -190.8054656982422 -50.175975799560526
v -79.57917022705078 -190.10960388183594 -19.554109573364233
v -109.77243041992188 -189.3222198486328 -19.478961944580053
v -54.85606384277344 -190.35215759277344 -1.9707093238830333
v -21.681941986083984 -191.97784423828125 -35.42304992675779
v -96.91144561767578 -189.08717346191406 5.516361236572289
v -79.57917022705078 -190.10960388183594 -19.554109573364233
v -71.77118682861328 -117.50020599365234 17.52508354187013
v -46.118858337402344 -171.43075561523438 -26.18330192565916
v -82.55120849609375 -114.5255355834961 7.527956008911147
v -56.18021011352539 -168.65438842773438 -35.513954162597635
v -45.62702560424805 -152.04002380371094 -40.44949722290037
v -36.28434371948242 -154.61807250976562 -31.785320281982404
v -49.32712173461914 -112.77886962890625 -36.78083419799803
v -30.641752243041992 -117.93496704101562 -19.452480316162095
v -52.28871536254883 -111.8172378540039 -0.29168903827665865
v -63.78740310668945 -108.64425659179688 -10.955290794372546
v -30.641752243041992 -117.93496704101562 -19.452480316162095
v -49.32712173461914 -112.77886962890625 -36.78083419799803
v -79.57917022705078 -190.10960388183594 -19.554109573364233
v -109.77243041992188 -189.3222198486328 -19.478961944580053
v -56.18021011352539 -168.65438842773438 -35.513954162597635
v -86.63375854492188 -169.65159606933594 -36.05364990234373
v -36.28434371948242 -154.61807250976562 -31.785320281982404
v -45.62702560424805 -152.04002380371094 -40.44949722290037
v -21.681941986083984 -191.97784423828125 -35.42304992675779
v -34.542930603027344 -192.212890625 -60.418373107910135
v -21.681941986083984 -191.97784423828125 -35.42304992675779
v -54.85606384277344 -190.35215759277344 -1.9707093238830333
v -46.118858337402344 -171.43075561523438 -26.18330192565916
v -69.66493225097656 -168.35643005371094 -3.00029706954954
v -69.66493225097656 -168.35643005371094 -3.00029706954954
v -96.91144561767578 -189.08717346191406 5.516361236572289
v -46.118858337402344 -171.43075561523438 -26.18330192565916
v -79.57917022705078 -190.10960388183594 -19.554109573364233
v -86.63375854492188 -169.65159606933594 -36.05364990234373
v -79.6594009399414 -190.8054656982422 -50.175975799560526
v -56.18021011352539 -168.65438842773438 -35.513954162597635
v -34.542930603027344 -192.212890625 -60.418373107910135
v -67.93114471435547 -77.70842742919922 -24.28977394104003
v -36.471099853515625 -92.34716033935547 -26.55895423889159
v -41.0663948059082 -34.73661804199219 -23.34247016906738
v -9.616287231445312 -39.98649978637696 -35.103828430175774
v 25.240318298339844 -73.21395874023436 77.79091644287111
v 27.015714645385742 -97.7025909423828 87.95306396484376
v 11.040799140930176 -75.9090118408203 73.7771453857422
v 12.81619644165039 -100.39765167236327 83.93929290771486
v 57.500457763671875 -190.72314453124997 120.67461395263675
v 69.07508087158203 -191.96900939941406 80.47093200683597
v 43.18588638305664 -191.33851623535156 94.40759277343753
v 56.56861877441406 -193.10073852539062 36.584644317626974
v 43.18588638305664 -191.33851623535156 94.40759277343753
v 28.524587631225586 -192.8385772705078 36.85128402709963
v 28.454851150512695 -190.45162963867185 120.9507751464844
v 15.991731643676758 -191.47276306152344 80.97564697265628
v 45.057273864746094 -165.7578125 66.08616638183595
v 32.75102615356445 -168.09353637695312 62.607566833496115
v 27.015714645385742 -97.7025909423828 87.95306396484376
v 12.81619644165039 -100.39765167236327 83.93929290771486
v 26.502241134643555 -120.46881103515625 34.05046844482423
v 35.16619873046875 -156.3931121826172 46.20711898803713
v 51.11473846435547 -115.79737854003906 41.007671356201186
v 47.472450256347656 -154.05738830566406 49.685718536376974
v 51.11473846435547 -115.79737854003906 41.007671356201186
v 35.802249908447266 -99.86988830566405 62.061305999755874
v 26.502241134643555 -120.46881103515625 34.05046844482423
v 20.656095504760742 -102.74462127685547 57.779949188232436
v 60.989261627197266 -170.46652221679688 92.96372985839845
v 57.500457763671875 -190.72314453124997 120.67461395263675
v 45.057273864746094 -165.7578125 66.08616638183595
v 43.18588638305664 -191.33851623535156 94.40759277343753
v 56.56861877441406 -193.10073852539062 36.584644317626974
v 47.472450256347656 -154.05738830566406 49.685718536376974
v 28.524587631225586 -192.8385772705078 36.85128402709963
v 35.16619873046875 -156.3931121826172 46.20711898803713
v 23.921398162841797 -169.1155242919922 93.34860229492189
v 15.991731643676758 -191.47276306152344 80.97564697265628
v 32.75102615356445 -168.09353637695312 62.607566833496115
v 28.524587631225586 -192.8385772705078 36.85128402709963
v 43.18588638305664 -191.33851623535156 94.40759277343753
v 28.454851150512695 -190.45162963867185 120.9507751464844
v 32.75102615356445 -168.09353637695312 62.607566833496115
v 23.921398162841797 -169.1155242919922 93.34860229492189
v 56.56861877441406 -193.10073852539062 36.584644317626974
v 69.07508087158203 -191.96900939941406 80.47093200683597
v 45.057273864746094 -165.7578125 66.08616638183595
v 60.989261627197266 -170.46652221679688 92.96372985839845
v 33.40841293334961 -40.20503234863281 -13.824088096618647
v 36.630794525146484 -91.6163330078125 27.428340911865245
v 43.19031524658203 -35.164573669433594 18.330356597900394
v 51.28164291381836 -71.97412109375 52.10044097900391
v -127.74980163574219 -18.384567260742188 -3.292272329330442
v -121.88533782958984 -46.46714401245117 12.581505775451665
v -130.565185546875 -40.814842224121094 -7.1596112251281685
v -99.921875 -53.369880676269524 41.99308013916016
v -110.5709457397461 -73.899658203125 27.912904739379893
v -121.47862243652344 -55.63832473754882 46.862560272216804
v -129.83438110351562 -88.40235137939453 22.33298110961915
v -117.44766998291016 -49.00817108154297 -18.059158325195305
v -130.565185546875 -40.814842224121094 -7.1596112251281685
v -145.8356170654297 -69.45370483398438 18.00630950927735
v -117.44766998291016 -49.00817108154297 -18.059158325195305
v -145.8356170654297 -69.45370483398438 18.00630950927735
v -129.83438110351562 -88.40235137939453 22.33298110961915
v -130.565185546875 -40.814842224121094 -7.1596112251281685
v -121.88533782958984 -46.46714401245117 12.581505775451665
v -134.39520263671875 -48.73884963989257 39.92697906494141
v -130.565185546875 -40.814842224121094 -7.1596112251281685
v -134.39520263671875 -48.73884963989257 39.92697906494141
v -145.8356170654297 -69.45370483398438 18.00630950927735
v -145.8356170654297 -69.45370483398438 18.00630950927735
v -134.39520263671875 -48.73884963989257 39.92697906494141
v -129.83438110351562 -88.40235137939453 22.33298110961915
v -121.47862243652344 -55.63832473754882 46.862560272216804
v 100.38396453857422 -71.22914123535155 137.32022094726562
v 100.22122192382812 -50.5486602783203 102.60591125488281
v 86.27835845947266 -92.01150512695311 135.60671997070312
v 92.06584167480469 -60.43888473510741 90.00935363769533
v 64.06566619873047 -58.54976654052732 147.8094940185547
v 78.01610565185547 -50.31354522705076 147.50453186035156
v 86.27835845947266 -92.01150512695311 135.60671997070312
v 100.38396453857422 -71.22914123535155 137.32022094726562
vt 0.5703125 0.5078125
vt 0.5703125 0.4609375
vt 0.6484375 0.5078125
vt 0.5703125 0.640625
vt 0.5703125 0.5078125
vt 0.6640625 0.5078125
vt 0.671875 0.3828125
vt 0.671875 0.421875
vt 0.7421875 0.421875
vt 0.875 0.421875
vt 0.9375 0.3828125
vt 0.9375 0.421875
vt 0.90625 0.9609375
vt 0.90625 0.9765625
vt 0.90625 0.953125
vt 0.6875 0.1015625
vt 0.6171875 0.1640625
vt 0.6171875 0.140625
vt 0.6875 0.1015625
vt 0.6171875 0.140625
vt 0.6171875 0.078125
vt 0.6875 0.015625
vt 0.6875 0.1015625
vt 0.6171875 0.078125
vt 0.6875 0.015625
vt 0.6171875 0.078125
vt 0.6171875 0.015625
vt 0.7421875 0.8125
vt 0.6328125 0.734375
vt 0.671875 0.8125
vt 0.6328125 0.734375
vt 0.7421875 0.8125
vt 0.703125 0.734375
vt 0.90625 0.734375
vt 0.8671875 0.8125
vt 0.8359375 0.734375
vt 0.7734375 0.734375
vt 0.8359375 0.734375
vt 0.8046875 0.8125
vt 0.8046875 0.8125
vt 0.8359375 0.734375
vt 0.8671875 0.8125
vt 0.875 0.5703125
vt 0.8359375 0.734375
vt 0.8125 0.5703125
vt 0.515625 0.4921875
vt 0.5703125 0.4609375
vt 0.5703125 0.5078125
vt 0.5703125 0.5078125
vt 0.5703125 0.640625
vt 0.515625 0.4921875
vt 0.8671875 0.8125
vt 0.9765625 0.8125
vt 0.9765625 0.8671875
vt 0.8671875 0.9296875
vt 0.8671875 0.8671875
vt 0.90625 0.9296875
vt 0.8671875 0.8125
vt 0.8671875 0.8671875
vt 0.8046875 0.8125
vt 0.90625 0.9296875
vt 0.84375 0.9765625
vt 0.8671875 0.9296875
vt 0.8671875 0.9296875
vt 0.84375 0.9765625
vt 0.8046875 0.8125
vt 0.90625 0.8671875
vt 0.8671875 0.8671875
vt 0.8671875 0.8125
vt 0.90625 0.8671875
vt 0.90625 0.9296875
vt 0.8671875 0.8671875
vt 0.8046875 0.8125
vt 0.8671875 0.8671875
vt 0.8671875 0.9296875
vt 0.8671875 0.8125
vt 0.9765625 0.8671875
vt 0.90625 0.8671875
vt 0.8046875 0.9296875
vt 0.8046875 0.8125
vt 0.84375 0.9765625
vt 0.875 0.5703125
vt 0.875 0.421875
vt 0.9375 0.421875
vt 0.7421875 0.421875
vt 0.671875 0.421875
vt 0.671875 0.5703125
vt 0.7421875 0.421875
vt 0.8125 0.5703125
vt 0.7421875 0.5703125
vt 0.8125 0.5703125
vt 0.7421875 0.421875
vt 0.8125 0.421875
vt 0.8125 0.421875
vt 0.875 0.5703125
vt 0.8125 0.5703125
vt 0.875 0.5703125
vt 0.8125 0.421875
vt 0.875 0.421875
vt 0.9375 0.5703125
vt 0.875 0.5703125
vt 0.9375 0.421875
vt 0.7421875 0.421875
vt 0.671875 0.5703125
vt 0.7421875 0.5703125
vt 0.9375 0.5703125
vt 0.90625 0.625
vt 0.875 0.5703125
vt 0.9375 0.5703125
vt 0.9765625 0.625
vt 0.90625 0.625
vt 0.7734375 0.625
vt 0.703125 0.625
vt 0.7421875 0.5703125
vt 0.9765625 0.8125
vt 0.8671875 0.8125
vt 0.90625 0.734375
vt 0.9765625 0.734375
vt 0.9765625 0.8125
vt 0.90625 0.734375
vt 0.7421875 0.8125
vt 0.703125 0.734375
vt 0.7734375 0.734375
vt 0.7734375 0.625
vt 0.7421875 0.5703125
vt 0.8125 0.5703125
vt 0.5703125 0.5078125
vt 0.6484375 0.5078125
vt 0.5703125 0.4609375
vt 0.5703125 0.640625
vt 0.6640625 0.5078125
vt 0.5703125 0.5078125
vt 0.671875 0.3828125
vt 0.7421875 0.421875
vt 0.671875 0.421875
vt 0.875 0.421875
vt 0.9375 0.421875
vt 0.9375 0.3828125
vt 0.8984375 0.96875
vt 0.8984375 0.9609375
vt 0.90625 0.984375
vt 0.6875 0.1015625
vt 0.6171875 0.140625
vt 0.6171875 0.1640625
vt 0.6875 0.1015625
vt 0.6171875 0.078125
vt 0.6171875 0.140625
vt 0.6875 0.015625
vt 0.6171875 0.078125
vt 0.6875 0.1015625
vt 0.6875 0.015625
vt 0.6171875 0.015625
vt 0.6171875 0.078125
vt 0.7421875 0.8125
vt 0.671875 0.8125
vt 0.6328125 0.734375
vt 0.6328125 0.734375
vt 0.703125 0.734375
vt 0.7421875 0.8125
vt 0.90625 0.734375
vt 0.8359375 0.734375
vt 0.8671875 0.8125
vt 0.7734375 0.734375
vt 0.8046875 0.8125
vt 0.8359375 0.734375
vt 0.8046875 0.8125
vt 0.8671875 0.8125
vt 0.8359375 0.734375
vt 0.875 0.5703125
vt 0.8125 0.5703125
vt 0.8359375 0.734375
vt 0.515625 0.4921875
vt 0.5703125 0.5078125
vt 0.5703125 0.4609375
vt 0.5703125 0.5078125
vt 0.515625 0.4921875
vt 0.5703125 0.640625
vt 0.8671875 0.8125
vt 0.9765625 0.8671875
vt 0.9765625 0.8125
vt 0.8671875 0.9296875
vt 0.90625 0.9296875
vt 0.8671875 0.8671875
vt 0.8671875 0.8125
vt 0.8046875 0.8125
vt 0.8671875 0.8671875
vt 0.90625 0.9296875
vt 0.8671875 0.9296875
vt 0.84375 0.9765625
vt 0.8671875 0.9296875
vt 0.8046875 0.8125
vt 0.84375 0.9765625
vt 0.90625 0.8671875
vt 0.8671875 0.8125
vt 0.8671875 0.8671875
vt 0.90625 0.8671875
vt 0.8671875 0.8671875
vt 0.90625 0.9296875
vt 0.8046875 0.8125
vt 0.8671875 0.9296875
vt 0.8671875 0.8671875
vt 0.8671875 0.8125
vt 0.90625 0.8671875
vt 0.9765625 0.8671875
vt 0.8046875 0.9296875
vt 0.84375 0.9765625
vt 0.8046875 0.8125
vt 0.875 0.5703125
vt 0.9375 0.421875
vt 0.875 0.421875
vt 0.7421875 0.421875
vt 0.671875 0.5703125
vt 0.671875 0.421875
vt 0.7421875 0.421875
vt 0.7421875 0.5703125
vt 0.8125 0.5703125
vt 0.8125 0.5703125
vt 0.8125 0.421875
vt 0.7421875 0.421875
vt 0.8125 0.421875
vt 0.8125 0.5703125
vt 0.875 0.5703125
vt 0.875 0.5703125
vt 0.875 0.421875
vt 0.8125 0.421875
vt 0.9375 0.5703125
vt 0.9375 0.421875
vt 0.875 0.5703125
vt 0.7421875 0.421875
vt 0.7421875 0.5703125
vt 0.671875 0.5703125
vt 0.9375 0.5703125
vt 0.875 0.5703125
vt 0.90625 0.625
vt 0.9375 0.5703125
vt 0.90625 0.625
vt 0.9765625 0.625
vt 0.7734375 0.625
vt 0.7421875 0.5703125
vt 0.703125 0.625
vt 0.9765625 0.8125
vt 0.90625 0.734375
vt 0.8671875 0.8125
vt 0.9765625 0.734375
vt 0.90625 0.734375
vt 0.9765625 0.8125
vt 0.7421875 0.8125
vt 0.7734375 0.734375
vt 0.703125 0.734375
vt 0.7734375 0.734375
vt 0.7421875 0.8125
vt 0.8046875 0.8125
vt 0.7734375 0.625
vt 0.8125 0.5703125
vt 0.7421875 0.5703125
vt 0.8046875 0.9296875
vt 0.8046875 0.8125
vt 0.7421875 0.8125
vt 0.8046875 0.9296875
vt 0.7421875 0.8125
vt 0.7421875 0.9296875
vt 0.5625 0.765625
vt 0.578125 0.796875
vt 0.5625 0.796875
vt 0.625 0.765625
vt 0.625 0.796875
vt 0.609375 0.796875
vt 0.59375 0.734375
vt 0.625 0.765625
vt 0.5625 0.765625
vt 0.3984375 0.2265625
vt 0.3125 0.2265625
vt 0.234375 0.28125
vt 0.5703125 0.2265625
vt 0.3984375 0.2265625
vt 0.484375 0.140625
vt 0.3984375 0.2265625
vt 0.3984375 0.140625
vt 0.484375 0.140625
vt 0.484375 0.2265625
vt 0.3984375 0.359375
vt 0.3984375 0.2265625
vt 0.1484375 0.078125
vt 0.234375 0.140625
vt 0.171875 0.140625
vt 0.5703125 0.359375
vt 0.3984375 0.359375
vt 0.484375 0.2265625
vt 0.625 0.8203125
vt 0.609375 0.796875
vt 0.625 0.796875
vt 0.234375 0.28125
vt 0.171875 0.28125
vt 0.234375 0.140625
vt 0.3984375 0.2265625
vt 0.234375 0.28125
vt 0.3125 0.2265625
vt 0.1484375 0.078125
vt 0.125 0.140625
vt 0.078125 0.140625
vt 0.984375 0.3515625
vt 0.984375 0.3125
vt 0.9453125 0.3515625
vt 0.90625 0.3515625
vt 0.90625 0.3125
vt 0.9453125 0.3125
vt 0.9453125 0.3125
vt 0.984375 0.3515625
vt 0.90625 0.3515625
vt 0.234375 0.078125
vt 0.234375 0.140625
vt 0.1484375 0.078125
vt 0.234375 0.078125
vt 0.3125 0.078125
vt 0.3125 0.140625
vt 0.3984375 0.140625
vt 0.3125 0.078125
vt 0.4765625 0.078125
vt 0.90625 0.3515625
vt 0.90625 0.3125
vt 0.9453125 0.3125
vt 0.9453125 0.3125
vt 0.984375 0.3515625
vt 0.90625 0.3515625
vt 0.234375 0.140625
vt 0.234375 0.078125
vt 0.3125 0.140625
vt 0.5625 0.765625
vt 0.59375 0.796875
vt 0.5625 0.8203125
vt 0.234375 0.015625
vt 0.234375 0.078125
vt 0.1484375 0.078125
vt 0.90625 0.953125
vt 0.90625 0.9609375
vt 0.9296875 0.9765625
vt 0.3125 0.015625
vt 0.3125 0.078125
vt 0.234375 0.078125
vt 0.625 0.875
vt 0.59375 0.875
vt 0.59375 0.8359375
vt 0.59375 0.8359375
vt 0.65625 0.8359375
vt 0.625 0.875
vt 0.984375 0.3515625
vt 0.984375 0.3125
vt 0.9453125 0.3515625
vt 0.3984375 0.140625
vt 0.3125 0.140625
vt 0.3125 0.078125
vt 0.171875 0.140625
vt 0.125 0.140625
vt 0.1484375 0.078125
vt 0.171875 0.28125
vt 0.171875 0.140625
vt 0.234375 0.140625
vt 0.484375 0.2265625
vt 0.5703125 0.2265625
vt 0.5703125 0.359375
vt 0.1484375 0.078125
vt 0.171875 0.140625
vt 0.234375 0.140625
vt 0.5625 0.8203125
vt 0.5625 0.796875
vt 0.578125 0.796875
vt 0.234375 0.28125
vt 0.234375 0.140625
vt 0.171875 0.28125
vt 0.1484375 0.078125
vt 0.078125 0.140625
vt 0.125 0.140625
vt 0.9453125 0.3515625
vt 0.984375 0.3125
vt 0.984375 0.3515625
vt 0.9453125 0.3125
vt 0.984375 0.3125
vt 0.984375 0.3515625
vt 0.234375 0.078125
vt 0.1484375 0.078125
vt 0.234375 0.140625
vt 0.234375 0.078125
vt 0.3125 0.140625
vt 0.3125 0.078125
vt 0.9453125 0.3125
vt 0.984375 0.3125
vt 0.984375 0.3515625
vt 0.234375 0.140625
vt 0.3125 0.140625
vt 0.234375 0.078125
vt 0.625 0.765625
vt 0.625 0.8203125
vt 0.59375 0.796875
vt 0.625 0.765625
vt 0.59375 0.796875
vt 0.5625 0.765625
vt 0.9609375 0.953125
vt 0.9296875 0.9765625
vt 0.96875 0.9609375
vt 0.3125 0.015625
vt 0.3984375 0.078125
vt 0.3125 0.078125
vt 0.65625 0.8359375
vt 0.65625 0.875
vt 0.625 0.875
vt 0.984375 0.3515625
vt 0.9453125 0.3515625
vt 0.984375 0.3125
vt 0.3984375 0.140625
vt 0.3125 0.078125
vt 0.3125 0.140625
vt 0.5703125 0.2265625
vt 0.484375 0.140625
vt 0.5703125 0.140625
vt 0.171875 0.140625
vt 0.1484375 0.078125
vt 0.125 0.140625
vt 0.171875 0.28125
vt 0.234375 0.140625
vt 0.171875 0.140625
vt 0.171875 0.359375
vt 0.078125 0.3828125
vt 0.1171875 0.3359375
vt 0.109375 0.1015625
vt 0.078125 0.03125
vt 0.09375 0.0078125
vt 0.078125 0.3828125
vt 0.171875 0.359375
vt 0.1171875 0.3359375
vt 0.03125 0.0078125
vt 0.0546875 0.03125
vt 0.0078125 0.1015625
vt 0.4375 0.640625
vt 0.359375 0.4921875
vt 0.515625 0.4921875
vt 0.4375 0.640625
vt 0.296875 0.640625
vt 0.359375 0.4921875
vt 0.6875 0.359375
vt 0.7734375 0.28125
vt 0.8359375 0.40625
vt 0.8359375 0.40625
vt 0.7734375 0.28125
vt 0.8359375 0.328125
vt 0.4375 0.765625
vt 0.4375 0.640625
vt 0.5703125 0.640625
vt 0.7734375 0.28125
vt 0.6640625 0.2734375
vt 0.6875 0.1015625
vt 0.6640625 0.2734375
vt 0.7734375 0.28125
vt 0.6875 0.359375
vt 0.5703125 0.640625
vt 0.4375 0.640625
vt 0.515625 0.4921875
vt 0.6875 0.1015625
vt 0.8359375 0.03125
vt 0.8359375 0.2421875
vt 0.7734375 0.28125
vt 0.8359375 0.2421875
vt 0.8359375 0.328125
vt 0.6171875 0.359375
vt 0.6640625 0.2734375
vt 0.6875 0.359375
vt 0.3828125 0.453125
vt 0.296875 0.4140625
vt 0.484375 0.4140625
vt 0.6171875 0.1640625
vt 0.6640625 0.2734375
vt 0.59375 0.265625
vt 0.6875 0.1015625
vt 0.6640625 0.2734375
vt 0.6171875 0.1640625
vt 0.6875 0.1015625
vt 0.7421875 0.015625
vt 0.8359375 0.03125
vt 0.6875 0.015625
vt 0.7421875 0.015625
vt 0.6875 0.1015625
vt 0.7734375 0.28125
vt 0.6875 0.1015625
vt 0.8359375 0.2421875
vt 0.515625 0.8671875
vt 0.5234375 0.7890625
vt 0.578125 0.8671875
vt 0.515625 0.8671875
vt 0.4375 0.765625
vt 0.5234375 0.7890625
vt 0.4375 0.984375
vt 0.4375 0.765625
vt 0.515625 0.8671875
vt 0.296875 0.4140625
vt 0.3828125 0.453125
vt 0.296875 0.53125
vt 0.5703125 0.640625
vt 0.5234375 0.7890625
vt 0.4375 0.765625
vt 0.0625 0.1015625
vt 0.0078125 0.0625
vt 0.1171875 0.0625
vt 0.6875 0.359375
vt 0.8359375 0.40625
vt 0.7734375 0.28125
vt 0.8359375 0.40625
vt 0.8359375 0.328125
vt 0.8984375 0.28125
vt 0.4375 0.765625
vt 0.296875 0.640625
vt 0.4375 0.640625
vt 0.7734375 0.28125
vt 0.6875 0.1015625
vt 0.6640625 0.2734375
vt 0.6640625 0.2734375
vt 0.6875 0.359375
vt 0.7734375 0.28125
vt 0.9765625 0.09375
vt 0.8359375 0.2421875
vt 0.8359375 0.03125
vt 0.8984375 0.28125
vt 0.8359375 0.328125
vt 0.8359375 0.2421875
vt 0.6171875 0.359375
vt 0.6875 0.359375
vt 0.6640625 0.2734375
vt 0.3828125 0.453125
vt 0.484375 0.4140625
vt 0.296875 0.4140625
vt 0.6171875 0.1640625
vt 0.59375 0.2734375
vt 0.6640625 0.2734375
vt 0.6875 0.1015625
vt 0.6171875 0.1640625
vt 0.6640625 0.2734375
vt 0.9765625 0.09375
vt 0.8359375 0.03125
vt 0.921875 0.015625
vt 0.6875 0.015625
vt 0.6875 0.1015625
vt 0.7421875 0.015625
vt 0.8984375 0.28125
vt 0.8359375 0.2421875
vt 0.9765625 0.09375
vt 0.515625 0.8671875
vt 0.578125 0.8671875
vt 0.5234375 0.7890625
vt 0.3515625 0.8671875
vt 0.3515625 0.7890625
vt 0.4375 0.765625
vt 0.4375 0.984375
vt 0.3515625 0.8671875
vt 0.4375 0.765625
vt 0.296875 0.4140625
vt 0.296875 0.53125
vt 0.3828125 0.453125
vt 0.296875 0.640625
vt 0.4375 0.765625
vt 0.3515625 0.7890625
vt 0.0625 0.1015625
vt 0.0078125 0.0625
vt 0.1171875 0.0625
vt 0.1484375 0.6796875
vt 0.1484375 0.7734375
vt 0.21875 0.7109375
vt 0.1484375 0.6796875
vt 0.21875 0.7109375
vt 0.21875 0.65625
vt 0.21875 0.65625
vt 0.21875 0.7109375
vt 0.1484375 0.6796875
vt 0.953125 0.96875
vt 0.953125 0.96875
vt 0.953125 0.96875
vt 0.21875 0.7109375
vt 0.1484375 0.7734375
vt 0.21875 0.875
vt 0.21875 0.875
vt 0.1484375 0.7734375
vt 0.21875 0.7109375
vt 0.1484375 0.7734375
vt 0.21875 0.875
vt 0.1484375 0.875
vt 0.1484375 0.7734375
vt 0.1484375 0.875
vt 0.21875 0.875
vt 0.078125 0.7734375
vt 0.1484375 0.875
vt 0.1484375 0.7734375
vt 0.1484375 0.7734375
vt 0.1484375 0.875
vt 0.078125 0.7734375
vt 0.1484375 0.7734375
vt 0.1484375 0.6796875
vt 0.21875 0.7109375
vt 0.1484375 0.6796875
vt 0.078125 0.7734375
vt 0.1484375 0.7734375
vt 0.1484375 0.7734375
vt 0.078125 0.7734375
vt 0.1484375 0.6796875
vt 0.5546875 0.9140625
vt 0.578125 0.9765625
vt 0.59375 0.9140625
vt 0.28125 0.9140625
vt 0.2578125 0.9765625
vt 0.359375 0.9765625
vt 0.1484375 0.9765625
vt 0.21875 0.875
vt 0.1484375 0.875
vt 0.1484375 0.9765625
vt 0.1484375 0.875
vt 0.21875 0.875
vt 0.28125 0.9140625
vt 0.359375 0.9765625
vt 0.2578125 0.9765625
vt 0.1484375 0.4375
vt 0.1484375 0.6796875
vt 0.21875 0.65625
vt 0.1484375 0.6015625
vt 0.21875 0.65625
vt 0.1484375 0.6796875
vt 0.1484375 0.421875
vt 0.21875 0.65625
vt 0.21875 0.421875
vt 0.21875 0.4609375
vt 0.21875 0.65625
vt 0.1484375 0.6015625
vt 0.078125 0.6015625
vt 0.015625 0.5625
vt 0.078125 0.4375
vt 0.28125 0.4453125
vt 0.21875 0.65625
vt 0.21875 0.4453125
vt 0.21875 0.65625
vt 0.28125 0.4375
vt 0.28125 0.65625
vt 0.078125 0.6015625
vt 0.015625 0.6796875
vt 0.015625 0.5625
vt 0.1484375 0.6015625
vt 0.1484375 0.6796875
vt 0.078125 0.6015625
vt 0.078125 0.6796875
vt 0.015625 0.6796875
vt 0.078125 0.6015625
vt 0.1484375 0.4609375
vt 0.21875 0.4609375
vt 0.1484375 0.6015625
vt 0.1484375 0.6796875
vt 0.21875 0.7109375
vt 0.1484375 0.7734375
vt 0.1484375 0.6796875
vt 0.21875 0.65625
vt 0.21875 0.7109375
vt 0.21875 0.65625
vt 0.1484375 0.6796875
vt 0.21875 0.7109375
vt 0.953125 0.96875
vt 0.953125 0.96875
vt 0.953125 0.96875
vt 0.21875 0.7109375
vt 0.21875 0.875
vt 0.1484375 0.7734375
vt 0.21875 0.875
vt 0.21875 0.7109375
vt 0.1484375 0.7734375
vt 0.1484375 0.7734375
vt 0.1484375 0.875
vt 0.21875 0.875
vt 0.1484375 0.7734375
vt 0.21875 0.875
vt 0.1484375 0.875
vt 0.078125 0.7734375
vt 0.1484375 0.7734375
vt 0.1484375 0.875
vt 0.1484375 0.7734375
vt 0.078125 0.7734375
vt 0.1484375 0.875
vt 0.1484375 0.7734375
vt 0.21875 0.7109375
vt 0.1484375 0.6796875
vt 0.1484375 0.6796875
vt 0.1484375 0.7734375
vt 0.078125 0.7734375
vt 0.1484375 0.7734375
vt 0.1484375 0.6796875
vt 0.078125 0.7734375
vt 0.5546875 0.9140625
vt 0.59375 0.9140625
vt 0.578125 0.9765625
vt 0.28125 0.9140625
vt 0.359375 0.9765625
vt 0.2578125 0.9765625
vt 0.1484375 0.9765625
vt 0.1484375 0.875
vt 0.21875 0.875
vt 0.1484375 0.9765625
vt 0.21875 0.875
vt 0.1484375 0.875
vt 0.28125 0.9140625
vt 0.2578125 0.9765625
vt 0.359375 0.9765625
vt 0.1484375 0.4375
vt 0.21875 0.65625
vt 0.1484375 0.6796875
vt 0.1484375 0.6015625
vt 0.1484375 0.6796875
vt 0.21875 0.65625
vt 0.1484375 0.421875
vt 0.21875 0.421875
vt 0.21875 0.65625
vt 0.21875 0.4609375
vt 0.1484375 0.6015625
vt 0.21875 0.65625
vt 0.078125 0.6015625
vt 0.078125 0.4375
vt 0.015625 0.5625
vt 0.28125 0.4453125
vt 0.21875 0.4453125
vt 0.21875 0.65625
vt 0.21875 0.65625
vt 0.28125 0.65625
vt 0.28125 0.4375
vt 0.078125 0.6015625
vt 0.015625 0.5625
vt 0.015625 0.6796875
vt 0.1484375 0.6015625
vt 0.078125 0.6015625
vt 0.1484375 0.6796875
vt 0.078125 0.6796875
vt 0.078125 0.6015625
vt 0.015625 0.6796875
vt 0.1484375 0.4609375
vt 0.1484375 0.6015625
vt 0.21875 0.4609375
vt 0.875 0.5703125
vt 0.90625 0.625
vt 0.8359375 0.734375
vt 0.90625 0.734375
vt 0.8359375 0.734375
vt 0.7734375 0.734375
vt 0.8125 0.5703125
vt 0.7734375 0.625
vt 0.6328125 0.734375
vt 0.703125 0.734375
vt 0.6328125 0.625
vt 0.703125 0.625
vt 0.7421875 0.5703125
vt 0.671875 0.5703125
vt 0.703125 0.625
vt 0.6328125 0.625
vt 0.703125 0.734375
vt 0.703125 0.625
vt 0.7734375 0.734375
vt 0.7734375 0.625
vt 0.9765625 0.625
vt 0.9765625 0.734375
vt 0.90625 0.625
vt 0.90625 0.734375
vt 0.90625 0.734375
vt 0.90625 0.625
vt 0.8359375 0.734375
vt 0.875 0.5703125
vt 0.7734375 0.625
vt 0.7734375 0.734375
vt 0.8125 0.5703125
vt 0.8359375 0.734375
vt 0.703125 0.625
vt 0.703125 0.734375
vt 0.6328125 0.625
vt 0.6328125 0.734375
vt 0.9765625 0.9375
vt 0.9765625 0.8671875
vt 0.9140625 0.9375
vt 0.9140625 0.8671875
vt 0.6328125 0.625
vt 0.671875 0.5703125
vt 0.703125 0.625
vt 0.7421875 0.5703125
vt 0.7734375 0.625
vt 0.703125 0.625
vt 0.7734375 0.734375
vt 0.703125 0.734375
vt 0.90625 0.734375
vt 0.9765625 0.734375
vt 0.90625 0.625
vt 0.9765625 0.625
vt 0.0078125 0.421875
vt 0.0078125 0.3984375
vt 0.1328125 0.421875
vt 0.1328125 0.3984375
vt 0.5234375 0.0859375
vt 0.6015625 0.0859375
vt 0.4453125 0.015625
vt 0.59375 0.015625
vt 0.65625 0.4453125
vt 0.578125 0.4453125
vt 0.65625 0.375
vt 0.5 0.375
vt 0.59375 0.015625
vt 0.6015625 0.0859375
vt 0.4453125 0.015625
vt 0.5234375 0.0859375
vt 0.5 0.375
vt 0.578125 0.4453125
vt 0.65625 0.375
vt 0.65625 0.4453125
vt 0.609375 0.796875
vt 0.578125 0.796875
vt 0.625 0.765625
vt 0.5625 0.765625
vt 0.015625 0.3359375
vt 0.078125 0.28125
vt 0.0703125 0.3359375
vt 0.125 0.28125
vt 0.125 0.28125
vt 0.078125 0.28125
vt 0.125 0.140625
vt 0.078125 0.140625
vt 0.3984375 0.2265625
vt 0.234375 0.28125
vt 0.3984375 0.359375
vt 0.265625 0.359375
vt 0.125 0.28125
vt 0.078125 0.28125
vt 0.0703125 0.3359375
vt 0.015625 0.3359375
vt 0.125 0.28125
vt 0.125 0.140625
vt 0.078125 0.28125
vt 0.078125 0.140625
vt 0.25 0.3671875
vt 0.1953125 0.4140625
vt 0.21875 0.2890625
vt 0.171875 0.359375
vt 0.1328125 0.3359375
vt 0.171875 0.296875
vt 0.171875 0.359375
vt 0.2265625 0.296875
vt 0.0703125 0.3359375
vt 0.125 0.28125
vt 0.1171875 0.3359375
vt 0.171875 0.28125
vt 0.9453125 0.3125
vt 0.9453125 0.3515625
vt 0.984375 0.3125
vt 0.984375 0.3515625
vt 0.3984375 0.359375
vt 0.265625 0.359375
vt 0.3984375 0.2265625
vt 0.234375 0.28125
vt 0.234375 0.140625
vt 0.3125 0.140625
vt 0.234375 0.28125
vt 0.3125 0.2265625
vt 0.125 0.28125
vt 0.125 0.140625
vt 0.171875 0.28125
vt 0.171875 0.140625
vt 0.3125 0.140625
vt 0.3984375 0.140625
vt 0.3125 0.2265625
vt 0.3984375 0.2265625
vt 0.171875 0.359375
vt 0.1953125 0.4140625
vt 0.21875 0.2890625
vt 0.25 0.3671875
vt 0.2265625 0.296875
vt 0.171875 0.296875
vt 0.171875 0.359375
vt 0.1328125 0.3359375
vt 0.171875 0.28125
vt 0.125 0.28125
vt 0.1171875 0.3359375
vt 0.0703125 0.3359375
vt 0.984375 0.3515625
vt 0.9453125 0.3515625
vt 0.984375 0.3125
vt 0.9453125 0.3125
vt 0.3125 0.2265625
vt 0.3125 0.140625
vt 0.234375 0.28125
vt 0.234375 0.140625
vt 0.171875 0.140625
vt 0.125 0.140625
vt 0.171875 0.28125
vt 0.125 0.28125
vt 0.3984375 0.2265625
vt 0.3984375 0.140625
vt 0.3125 0.2265625
vt 0.3125 0.140625
vt 0.0546875 0.03125
vt 0.078125 0.03125
vt 0.0078125 0.1015625
vt 0.109375 0.1015625
vt 0.28125 0.7109375
vt 0.21875 0.7109375
vt 0.28125 0.65625
vt 0.21875 0.65625
vt 0.953125 0.96875
vt 0.953125 0.96875
vt 0.953125 0.96875
vt 0.953125 0.96875
vt 0.953125 0.96875
vt 0.953125 0.96875
vt 0.953125 0.96875
vt 0.953125 0.96875
vt 0.28125 0.7109375
vt 0.28125 0.875
vt 0.21875 0.7109375
vt 0.21875 0.875
vt 0.078125 0.875
vt 0.015625 0.875
vt 0.078125 0.7734375
vt 0.015625 0.7734375
vt 0.015625 0.6796875
vt 0.078125 0.6796875
vt 0.015625 0.7734375
vt 0.078125 0.7734375
vt 0.578125 0.9765625
vt 0.6328125 0.9765625
vt 0.59375 0.9140625
vt 0.6328125 0.9140625
vt 0.015625 0.875
vt 0.078125 0.875
vt 0.015625 0.9765625
vt 0.078125 0.9765625
vt 0.1484375 0.9765625
vt 0.2578125 0.9765625
vt 0.21875 0.875
vt 0.28125 0.9140625
vt 0.515625 0.9140625
vt 0.515625 0.9765625
vt 0.5546875 0.9140625
vt 0.578125 0.9765625
vt 0.28125 0.9140625
vt 0.2578125 0.9765625
vt 0.21875 0.875
vt 0.1484375 0.9765625
vt 0.1484375 0.6015625
vt 0.078125 0.6015625
vt 0.1484375 0.4375
vt 0.078125 0.4375
vt 0.21875 0.65625
vt 0.21875 0.7109375
vt 0.28125 0.65625
vt 0.28125 0.7109375
vt 0.953125 0.96875
vt 0.953125 0.96875
vt 0.953125 0.96875
vt 0.953125 0.96875
vt 0.953125 0.96875
vt 0.953125 0.96875
vt 0.953125 0.96875
vt 0.953125 0.96875
vt 0.21875 0.875
vt 0.28125 0.875
vt 0.21875 0.7109375
vt 0.28125 0.7109375
vt 0.015625 0.7734375
vt 0.015625 0.875
vt 0.078125 0.7734375
vt 0.078125 0.875
vt 0.078125 0.7734375
vt 0.078125 0.6796875
vt 0.015625 0.7734375
vt 0.015625 0.6796875
vt 0.6328125 0.9140625
vt 0.6328125 0.9765625
vt 0.59375 0.9140625
vt 0.578125 0.9765625
vt 0.078125 0.9765625
vt 0.078125 0.875
vt 0.015625 0.9765625
vt 0.015625 0.875
vt 0.28125 0.9140625
vt 0.2578125 0.9765625
vt 0.21875 0.875
vt 0.1484375 0.9765625
vt 0.578125 0.9765625
vt 0.515625 0.9765625
vt 0.5546875 0.9140625
vt 0.515625 0.9140625
vt 0.1484375 0.9765625
vt 0.2578125 0.9765625
vt 0.21875 0.875
vt 0.28125 0.9140625
vt 0.078125 0.4375
vt 0.078125 0.6015625
vt 0.1484375 0.4375
vt 0.1484375 0.6015625
vt 0.7734375 0.734375
vt 0.8046875 0.8125
vt 0.7421875 0.8125
vt 0.9140625 0.8671875
vt 0.9765625 0.8671875
vt 0.9140625 0.9375
vt 0.9765625 0.9375
vt 0.7421875 0.8125
vt 0.671875 0.8125
vt 0.671875 0.9296875
vt 0.7421875 0.8125
vt 0.671875 0.9296875
vt 0.7421875 0.9296875
vt 0.7421875 0.8125
vt 0.8046875 0.8125
vt 0.8046875 0.9296875
vt 0.7421875 0.8125
vt 0.8046875 0.9296875
vt 0.7421875 0.9296875
vt 0.8046875 0.9296875
vt 0.7421875 0.9296875
vt 0.8046875 0.9765625
vt 0.7421875 0.9765625
vt 0.671875 0.9296875
vt 0.671875 0.8125
vt 0.7421875 0.9296875
vt 0.7421875 0.8125
vt 0.7421875 0.9765625
vt 0.7421875 0.9296875
vt 0.8046875 0.9765625
vt 0.8046875 0.9296875
vn -0.4147989483660026 0.9095358918244866 -0.026197212017585285
vn -0.4147989483660026 0.9095358918244866 -0.026197212017585285
vn -0.4147989483660026 0.9095358918244866 -0.026197212017585285
vn 0.14439164154289938 0.7556516555454168 -0.6388596319411782
vn 0.14439164154289938 0.7556516555454168 -0.6388596319411782
vn 0.14439164154289938 0.7556516555454168 -0.6388596319411782
vn 0.0030697258642717533 0.1394164135782239 -0.9902290848122488
vn 0.0030697258642717533 0.1394164135782239 -0.9902290848122488
vn 0.0030697258642717533 0.1394164135782239 -0.9902290848122488
vn 0.8571183030959981 -0.32300036940303645 0.4012716983084386
vn 0.8571183030959981 -0.32300036940303645 0.4012716983084386
vn 0.8571183030959981 -0.32300036940303645 0.4012716983084386
vn 0.702027377792382 0.38646411748544646 0.5981664038761683
vn 0.702027377792382 0.38646411748544646 0.5981664038761683
vn 0.702027377792382 0.38646411748544646 0.5981664038761683
vn 0.906335571864071 0.1535093898781789 0.3936885804707281
vn 0.906335571864071 0.1535093898781789 0.3936885804707281
vn 0.906335571864071 0.1535093898781789 0.3936885804707281
vn -0.5896309528987531 -0.8060190561183573 -0.051658692954627945
vn -0.5896309528987531 -0.8060190561183573 -0.051658692954627945
vn -0.5896309528987531 -0.8060190561183573 -0.051658692954627945
vn -0.7356670581993296 0.3019336496145516 0.606325037179549
vn -0.7356670581993296 0.3019336496145516 0.606325037179549
vn -0.7356670581993296 0.3019336496145516 0.606325037179549
vn -0.7296039473813236 0.6788070212781242 0.08306086821789761
vn -0.7296039473813236 0.6788070212781242 0.08306086821789761
vn -0.7296039473813236 0.6788070212781242 0.08306086821789761
vn -0.6849955450064298 -0.6443246725016951 -0.3400394384875493
vn -0.6849955450064298 -0.6443246725016951 -0.3400394384875493
vn -0.6849955450064298 -0.6443246725016951 -0.3400394384875493
vn -0.5738910498002395 -0.6448106238656938 -0.5048448497401097
vn -0.5738910498002395 -0.6448106238656938 -0.5048448497401097
vn -0.5738910498002395 -0.6448106238656938 -0.5048448497401097
vn 0.8255423772981996 -0.04520436677413307 0.5625267535943393
vn 0.8255423772981996 -0.04520436677413307 0.5625267535943393
vn 0.8255423772981996 -0.04520436677413307 0.5625267535943393
vn 0.011536256242632778 0.4938730823790776 0.8694574706639152
vn 0.011536256242632778 0.4938730823790776 0.8694574706639152
vn 0.011536256242632778 0.4938730823790776 0.8694574706639152
vn 0.593265521225963 0.006672880009190861 0.8049791885489148
vn 0.593265521225963 0.006672880009190861 0.8049791885489148
vn 0.593265521225963 0.006672880009190861 0.8049791885489148
vn 0.3396918150073929 0.23388303626765106 0.910992972620101
vn 0.3396918150073929 0.23388303626765106 0.910992972620101
vn 0.3396918150073929 0.23388303626765106 0.910992972620101
vn -0.3203264844481172 0.9465289327443761 0.0383917027351261
vn -0.3203264844481172 0.9465289327443761 0.0383917027351261
vn -0.3203264844481172 0.9465289327443761 0.0383917027351261
vn 0.4331823963686161 0.7460155025766186 -0.5057804675861832
vn 0.4331823963686161 0.7460155025766186 -0.5057804675861832
vn 0.4331823963686161 0.7460155025766186 -0.5057804675861832
vn 0.7481383903475405 -0.574921446230964 -0.331291834417765
vn 0.7481383903475405 -0.574921446230964 -0.331291834417765
vn 0.7481383903475405 -0.574921446230964 -0.331291834417765
vn 0.6485824592073429 0.67197126223821 0.35748484769923056
vn 0.6485824592073429 0.67197126223821 0.35748484769923056
vn 0.6485824592073429 0.67197126223821 0.35748484769923056
vn -0.2352727372711856 0.7516173781502512 -0.616212671047477
vn -0.2352727372711856 0.7516173781502512 -0.616212671047477
vn -0.2352727372711856 0.7516173781502512 -0.616212671047477
vn 0.1900922939490647 0.23812286372979483 0.9524507449471097
vn 0.1900922939490647 0.23812286372979483 0.9524507449471097
vn 0.1900922939490647 0.23812286372979483 0.9524507449471097
vn -0.6586712125116185 0.7248811260417163 0.2017413862274364
vn -0.6586712125116185 0.7248811260417163 0.2017413862274364
vn -0.6586712125116185 0.7248811260417163 0.2017413862274364
vn 0.9820461065789956 -0.1636898185014918 -0.0937608013616826
vn 0.9820461065789956 -0.1636898185014918 -0.0937608013616826
vn 0.9820461065789956 -0.1636898185014918 -0.0937608013616826
vn 0.9045060190148169 -0.21765787690531976 -0.36673411374868925
vn 0.9045060190148169 -0.21765787690531976 -0.36673411374868925
vn 0.9045060190148169 -0.21765787690531976 -0.36673411374868925
vn -0.5623459085949086 0.8126683637590081 0.15276521080345173
vn -0.5623459085949086 0.8126683637590081 0.15276521080345173
vn -0.5623459085949086 0.8126683637590081 0.15276521080345173
vn 0.6024478729169688 -0.5959155018129186 -0.5309814263388851
vn 0.6024478729169688 -0.5959155018129186 -0.5309814263388851
vn 0.6024478729169688 -0.5959155018129186 -0.5309814263388851
vn 0.35529709318789304 0.9040410634797159 0.23764202304032367
vn 0.35529709318789304 0.9040410634797159 0.23764202304032367
vn 0.35529709318789304 0.9040410634797159 0.23764202304032367
vn 0.5403567472115157 -0.8185680386740545 -0.1948357046444561
vn 0.5403567472115157 -0.8185680386740545 -0.1948357046444561
vn 0.5403567472115157 -0.8185680386740545 -0.1948357046444561
vn 0.05960729763830116 0.1917247190844436 -0.9796369746800342
vn 0.05960729763830116 0.1917247190844436 -0.9796369746800342
vn 0.05960729763830116 0.1917247190844436 -0.9796369746800342
vn -0.7507546642541573 0.6095514377432152 0.25458687877776953
vn -0.7507546642541573 0.6095514377432152 0.25458687877776953
vn -0.7507546642541573 0.6095514377432152 0.25458687877776953
vn -0.8062228606336227 0.5885921750191511 -0.05969883162980009
vn -0.8062228606336227 0.5885921750191511 -0.05969883162980009
vn -0.8062228606336227 0.5885921750191511 -0.05969883162980009
vn 0.07565103584266568 -0.3455495885959604 0.9353461405261128
vn 0.07565103584266568 -0.3455495885959604 0.9353461405261128
vn 0.07565103584266568 -0.3455495885959604 0.9353461405261128
vn -0.19752990793872038 -0.2897472918139561 0.9364979670859936
vn -0.19752990793872038 -0.2897472918139561 0.9364979670859936
vn -0.19752990793872038 -0.2897472918139561 0.9364979670859936
vn 0.5327496577179895 -0.8162641599662263 -0.22336209023913553
vn 0.5327496577179895 -0.8162641599662263 -0.22336209023913553
vn 0.5327496577179895 -0.8162641599662263 -0.22336209023913553
vn -0.05714283086904346 0.4830688194514992 -0.8737157504326032
vn -0.05714283086904346 0.4830688194514992 -0.8737157504326032
vn -0.05714283086904346 0.4830688194514992 -0.8737157504326032
vn 0.9232332279069357 0.33128765830635976 -0.19465069828394832
vn 0.9232332279069357 0.33128765830635976 -0.19465069828394832
vn 0.9232332279069357 0.33128765830635976 -0.19465069828394832
vn 0.6343039169899218 -0.19122032506700942 -0.7490616317583684
vn 0.6343039169899218 -0.19122032506700942 -0.7490616317583684
vn 0.6343039169899218 -0.19122032506700942 -0.7490616317583684
vn -0.76027690113169 0.63184528503152 -0.15083291878443417
vn -0.76027690113169 0.63184528503152 -0.15083291878443417
vn -0.76027690113169 0.63184528503152 -0.15083291878443417
vn 0.4586475784655465 -0.8579340567975635 -0.2314984944974063
vn 0.4586475784655465 -0.8579340567975635 -0.2314984944974063
vn 0.4586475784655465 -0.8579340567975635 -0.2314984944974063
vn 0.4507044831038673 -0.8280281386416831 -0.3335189207941063
vn 0.4507044831038673 -0.8280281386416831 -0.3335189207941063
vn 0.4507044831038673 -0.8280281386416831 -0.3335189207941063
vn -0.9807080599131802 0.09349732819941453 0.17166814160145485
vn -0.9807080599131802 0.09349732819941453 0.17166814160145485
vn -0.9807080599131802 0.09349732819941453 0.17166814160145485
vn -0.2131882848448732 0.9620343783252043 0.17041305737923582
vn -0.2131882848448732 0.9620343783252043 0.17041305737923582
vn -0.2131882848448732 0.9620343783252043 0.17041305737923582
vn 0.3751880580825419 0.8627088790780197 0.33906829847716163
vn 0.3751880580825419 0.8627088790780197 0.33906829847716163
vn 0.3751880580825419 0.8627088790780197 0.33906829847716163
vn 0.6382824882662127 0.6815752498213264 -0.3578416465473082
vn 0.6382824882662127 0.6815752498213264 -0.3578416465473082
vn 0.6382824882662127 0.6815752498213264 -0.3578416465473082
vn 0.8923402581987968 0.033789244129823114 -0.45009682356004205
vn 0.8923402581987968 0.033789244129823114 -0.45009682356004205
vn 0.8923402581987968 0.033789244129823114 -0.45009682356004205
vn -0.44402207871748134 -0.3528171694090622 -0.8236288233067028
vn -0.44402207871748134 -0.3528171694090622 -0.8236288233067028
vn -0.44402207871748134 -0.3528171694090622 -0.8236288233067028
vn 0.35642775296813944 -0.8952246754578523 -0.26745473891009325
vn 0.35642775296813944 -0.8952246754578523 -0.26745473891009325
vn 0.35642775296813944 -0.8952246754578523 -0.26745473891009325
vn -0.7357297014572655 -0.4292841595061567 -0.5238481810512426
vn -0.7357297014572655 -0.4292841595061567 -0.5238481810512426
vn -0.7357297014572655 -0.4292841595061567 -0.5238481810512426
vn 0.1430180329242229 -0.917523774660702 0.3710740696826758
vn 0.1430180329242229 -0.917523774660702 0.3710740696826758
vn 0.1430180329242229 -0.917523774660702 0.3710740696826758
vn -0.25303084157502376 0.1626267465256242 0.9536917397809032
vn -0.25303084157502376 0.1626267465256242 0.9536917397809032
vn -0.25303084157502376 0.1626267465256242 0.9536917397809032
vn 0.38041725359020945 0.532303983396441 0.7562639634619407
vn 0.38041725359020945 0.532303983396441 0.7562639634619407
vn 0.38041725359020945 0.532303983396441 0.7562639634619407
vn 0.6185670470856237 -0.7606918186019598 0.1967810086665246
vn 0.6185670470856237 -0.7606918186019598 0.1967810086665246
vn 0.6185670470856237 -0.7606918186019598 0.1967810086665246
vn 0.5868652297875981 -0.8096843134092951 0.0007174156870052903
vn 0.5868652297875981 -0.8096843134092951 0.0007174156870052903
vn 0.5868652297875981 -0.8096843134092951 0.0007174156870052903
vn -0.9740908504141627 0.19394610348711072 0.11632679863892212
vn -0.9740908504141627 0.19394610348711072 0.11632679863892212
vn -0.9740908504141627 0.19394610348711072 0.11632679863892212
vn -0.2874643156859739 0.7544369567039275 0.5900755422541347
vn -0.2874643156859739 0.7544369567039275 0.5900755422541347
vn -0.2874643156859739 0.7544369567039275 0.5900755422541347
vn -0.8501705996018807 0.3108141971766367 0.42497586567477175
vn -0.8501705996018807 0.3108141971766367 0.42497586567477175
vn -0.8501705996018807 0.3108141971766367 0.42497586567477175
vn -0.6011158151430607 0.5862443968561898 0.5431181123288154
vn -0.6011158151430607 0.5862443968561898 0.5431181123288154
vn -0.6011158151430607 0.5862443968561898 0.5431181123288154
vn 0.37668236256700005 0.8617592263292135 0.3398255928670151
vn 0.37668236256700005 0.8617592263292135 0.3398255928670151
vn 0.37668236256700005 0.8617592263292135 0.3398255928670151
vn 0.42641255267046557 0.7471916080841113 -0.5097813607162752
vn 0.42641255267046557 0.7471916080841113 -0.5097813607162752
vn 0.42641255267046557 0.7471916080841113 -0.5097813607162752
vn -0.6147560518996077 -0.6097746532833277 -0.5002498064627354
vn -0.6147560518996077 -0.6097746532833277 -0.5002498064627354
vn -0.6147560518996077 -0.6097746532833277 -0.5002498064627354
vn -0.7998831257674434 0.5890341390458578 -0.11500333973850327
vn -0.7998831257674434 0.5890341390458578 -0.11500333973850327
vn -0.7998831257674434 0.5890341390458578 -0.11500333973850327
vn 0.26947987035105175 0.7877435671191421 -0.5539320102124357
vn 0.26947987035105175 0.7877435671191421 -0.5539320102124357
vn 0.26947987035105175 0.7877435671191421 -0.5539320102124357
vn -0.6821535368232736 0.2797586974698006 0.6755750316504447
vn -0.6821535368232736 0.2797586974698006 0.6755750316504447
vn -0.6821535368232736 0.2797586974698006 0.6755750316504447
vn 0.2877812367806477 0.8348096557617992 0.46933442064679964
vn 0.2877812367806477 0.8348096557617992 0.46933442064679964
vn 0.2877812367806477 0.8348096557617992 0.46933442064679964
vn -0.7003156731197978 -0.34399966330995424 -0.6254775692424172
vn -0.7003156731197978 -0.34399966330995424 -0.6254775692424172
vn -0.7003156731197978 -0.34399966330995424 -0.6254775692424172
vn -0.5919077545014317 -0.37367064699003155 -0.7141536653543997
vn -0.5919077545014317 -0.37367064699003155 -0.7141536653543997
vn -0.5919077545014317 -0.37367064699003155 -0.7141536653543997
vn 0.12162621211952464 0.9686849031787529 0.21646390664271586
vn 0.12162621211952464 0.9686849031787529 0.21646390664271586
vn 0.12162621211952464 0.9686849031787529 0.21646390664271586
vn -0.11912120864873302 -0.6618396632143753 -0.7401205292696235
vn -0.11912120864873302 -0.6618396632143753 -0.7401205292696235
vn -0.11912120864873302 -0.6618396632143753 -0.7401205292696235
vn -0.5086242074469205 0.8599022223468549 -0.043238681778383734
vn -0.5086242074469205 0.8599022223468549 -0.043238681778383734
vn -0.5086242074469205 0.8599022223468549 -0.043238681778383734
vn -0.21662186196375083 -0.7050690686807364 -0.6752426062601773
vn -0.21662186196375083 -0.7050690686807364 -0.6752426062601773
vn -0.21662186196375083 -0.7050690686807364 -0.6752426062601773
vn 0.6188990950812259 0.4605179638544325 -0.6363074061135915
vn 0.6188990950812259 0.4605179638544325 -0.6363074061135915
vn 0.6188990950812259 0.4605179638544325 -0.6363074061135915
vn 0.7300872125258121 0.4588535376869247 0.5063853207375619
vn 0.7300872125258121 0.4588535376869247 0.5063853207375619
vn 0.7300872125258121 0.4588535376869247 0.5063853207375619
vn 0.4973502166044077 0.43259832323230646 0.7519983063678706
vn 0.4973502166044077 0.43259832323230646 0.7519983063678706
vn 0.4973502166044077 0.43259832323230646 0.7519983063678706
vn -0.24549068722195166 -0.45078838260222565 0.8582098558034411
vn -0.24549068722195166 -0.45078838260222565 0.8582098558034411
vn -0.24549068722195166 -0.45078838260222565 0.8582098558034411
vn -0.5671593002575032 -0.5640863231634217 0.6001141126080864
vn -0.5671593002575032 -0.5640863231634217 0.6001141126080864
vn -0.5671593002575032 -0.5640863231634217 0.6001141126080864
vn -0.6646825098524354 -0.6622526668949769 -0.3458591711763011
vn -0.6646825098524354 -0.6622526668949769 -0.3458591711763011
vn -0.6646825098524354 -0.6622526668949769 -0.3458591711763011
vn 0.508001619769946 0.16146951730498701 -0.8460862540500262
vn 0.508001619769946 0.16146951730498701 -0.8460862540500262
vn 0.508001619769946 0.16146951730498701 -0.8460862540500262
vn -0.7038870958456535 0.48890521487368077 -0.5152811341115566
vn -0.7038870958456535 0.48890521487368077 -0.5152811341115566
vn -0.7038870958456535 0.48890521487368077 -0.5152811341115566
vn -0.29485398539386626 -0.38423195492281215 -0.8748868110296028
vn -0.29485398539386626 -0.38423195492281215 -0.8748868110296028
vn -0.29485398539386626 -0.38423195492281215 -0.8748868110296028
vn 0.8801000664865359 0.4719457897856007 0.051875278062298864
vn 0.8801000664865359 0.4719457897856007 0.051875278062298864
vn 0.8801000664865359 0.4719457897856007 0.051875278062298864
vn -0.44722690012644456 -0.874801732150152 -0.1863062780219302
vn -0.44722690012644456 -0.874801732150152 -0.1863062780219302
vn -0.44722690012644456 -0.874801732150152 -0.1863062780219302
vn -0.3985983734310608 -0.8781230460577356 -0.26461151275104494
vn -0.3985983734310608 -0.8781230460577356 -0.26461151275104494
vn -0.3985983734310608 -0.8781230460577356 -0.26461151275104494
vn 0.806769687886268 0.047594235458212134 0.588946058191276
vn 0.806769687886268 0.047594235458212134 0.588946058191276
vn 0.806769687886268 0.047594235458212134 0.588946058191276
vn 0.6769919510158495 0.07523852714232832 0.7321345930177092
vn 0.6769919510158495 0.07523852714232832 0.7321345930177092
vn 0.6769919510158495 0.07523852714232832 0.7321345930177092
vn 0.03248166637714087 0.9988015804880978 -0.0366107110534924
vn 0.03248166637714087 0.9988015804880978 -0.0366107110534924
vn 0.03248166637714087 0.9988015804880978 -0.0366107110534924
vn 0.23195155796817987 0.9665271365547069 0.10965294824806529
vn 0.23195155796817987 0.9665271365547069 0.10965294824806529
vn 0.23195155796817987 0.9665271365547069 0.10965294824806529
vn 0.7197348489874089 0.5979117167052543 0.3528219468508829
vn 0.7197348489874089 0.5979117167052543 0.3528219468508829
vn 0.7197348489874089 0.5979117167052543 0.3528219468508829
vn 0.3554819791656045 -0.8667363449693044 -0.34985807236328786
vn 0.3554819791656045 -0.8667363449693044 -0.34985807236328786
vn 0.3554819791656045 -0.8667363449693044 -0.34985807236328786
vn -0.2565144367575496 -0.898607039120981 -0.35595748759814116
vn -0.2565144367575496 -0.898607039120981 -0.35595748759814116
vn -0.2565144367575496 -0.898607039120981 -0.35595748759814116
vn 0.03545395225989587 -0.9652138192037985 -0.2590469078896138
vn 0.03545395225989587 -0.9652138192037985 -0.2590469078896138
vn 0.03545395225989587 -0.9652138192037985 -0.2590469078896138
vn 0.8745024726911155 -0.23102795883846444 0.4264639580223135
vn 0.8745024726911155 -0.23102795883846444 0.4264639580223135
vn 0.8745024726911155 -0.23102795883846444 0.4264639580223135
vn -0.005014411737835124 -0.10014213073097437 0.9949605064160003
vn -0.005014411737835124 -0.10014213073097437 0.9949605064160003
vn -0.005014411737835124 -0.10014213073097437 0.9949605064160003
vn -0.16359295109099123 0.04912714707656442 0.9853039479132609
vn -0.16359295109099123 0.04912714707656442 0.9853039479132609
vn -0.16359295109099123 0.04912714707656442 0.9853039479132609
vn -0.22636891477695786 -0.08517228652523713 0.9703106698530967
vn -0.22636891477695786 -0.08517228652523713 0.9703106698530967
vn -0.22636891477695786 -0.08517228652523713 0.9703106698530967
vn -0.6637698533455416 0.6805430775295559 0.31027520270920683
vn -0.6637698533455416 0.6805430775295559 0.31027520270920683
vn -0.6637698533455416 0.6805430775295559 0.31027520270920683
vn -0.0015172746627629859 -0.19801096787168398 0.9801986301154051
vn -0.0015172746627629859 -0.19801096787168398 0.9801986301154051
vn -0.0015172746627629859 -0.19801096787168398 0.9801986301154051
vn -0.30067575425159127 -0.9350459714750241 0.18783802073479425
vn -0.30067575425159127 -0.9350459714750241 0.18783802073479425
vn -0.30067575425159127 -0.9350459714750241 0.18783802073479425
vn -0.999125503541551 0.038924426732125914 0.015268175281196743
vn -0.999125503541551 0.038924426732125914 0.015268175281196743
vn -0.999125503541551 0.038924426732125914 0.015268175281196743
vn -0.8322994904540175 -0.3684907642146647 0.41411606450181926
vn -0.8322994904540175 -0.3684907642146647 0.41411606450181926
vn -0.8322994904540175 -0.3684907642146647 0.41411606450181926
vn -0.24489910039691232 0.8555548410886615 -0.4561253605255225
vn -0.24489910039691232 0.8555548410886615 -0.4561253605255225
vn -0.24489910039691232 0.8555548410886615 -0.4561253605255225
vn -0.07236482412203013 0.06508268604072533 -0.9952525188149549
vn -0.07236482412203013 0.06508268604072533 -0.9952525188149549
vn -0.07236482412203013 0.06508268604072533 -0.9952525188149549
vn 0.0026294850197589523 -0.32720712305871913 -0.9449489850929345
vn 0.0026294850197589523 -0.32720712305871913 -0.9449489850929345
vn 0.0026294850197589523 -0.32720712305871913 -0.9449489850929345
vn 0.018055948912815135 -0.2876691746970303 -0.9575596214534046
vn 0.018055948912815135 -0.2876691746970303 -0.9575596214534046
vn 0.018055948912815135 -0.2876691746970303 -0.9575596214534046
vn -0.6630258152287312 0.6807858541085791 0.3113316385880645
vn -0.6630258152287312 0.6807858541085791 0.3113316385880645
vn -0.6630258152287312 0.6807858541085791 0.3113316385880645
vn -0.48335802014239315 0.6072273186449905 0.630587034322179
vn -0.48335802014239315 0.6072273186449905 0.630587034322179
vn -0.48335802014239315 0.6072273186449905 0.630587034322179
vn -0.02678051769592244 0.5755716545954762 0.8173127151208185
vn -0.02678051769592244 0.5755716545954762 0.8173127151208185
vn -0.02678051769592244 0.5755716545954762 0.8173127151208185
vn -0.25676897461723086 0.648506052755852 -0.7165958367260027
vn -0.25676897461723086 0.648506052755852 -0.7165958367260027
vn -0.25676897461723086 0.648506052755852 -0.7165958367260027
vn -0.032766848469762286 0.9881740708120703 -0.14979432371108445
vn -0.032766848469762286 0.9881740708120703 -0.14979432371108445
vn -0.032766848469762286 0.9881740708120703 -0.14979432371108445
vn -0.9364094612809777 0.33894440092373823 0.09085160376084273
vn -0.9364094612809777 0.33894440092373823 0.09085160376084273
vn -0.9364094612809777 0.33894440092373823 0.09085160376084273
vn -0.08255791004966968 -0.9659220080744039 0.24531381087444276
vn -0.08255791004966968 -0.9659220080744039 0.24531381087444276
vn -0.08255791004966968 -0.9659220080744039 0.24531381087444276
vn -0.033230460596623455 0.9928775255358495 -0.11441134460509193
vn -0.033230460596623455 0.9928775255358495 -0.11441134460509193
vn -0.033230460596623455 0.9928775255358495 -0.11441134460509193
vn 0.304143102573246 0.055116713336308805 -0.9510305573787432
vn 0.304143102573246 0.055116713336308805 -0.9510305573787432
vn 0.304143102573246 0.055116713336308805 -0.9510305573787432
vn -0.20331677395446074 0.8993758382723933 0.38702117637227607
vn -0.20331677395446074 0.8993758382723933 0.38702117637227607
vn -0.20331677395446074 0.8993758382723933 0.38702117637227607
vn -0.06731786744186997 -0.9494174951978257 -0.30671603240679385
vn -0.06731786744186997 -0.9494174951978257 -0.30671603240679385
vn -0.06731786744186997 -0.9494174951978257 -0.30671603240679385
vn 0.03546100920211166 -0.970048743478323 -0.24030803586749727
vn 0.03546100920211166 -0.970048743478323 -0.24030803586749727
vn 0.03546100920211166 -0.970048743478323 -0.24030803586749727
vn -0.08216910105923107 0.9965571215662369 0.011051800158085734
vn -0.08216910105923107 0.9965571215662369 0.011051800158085734
vn -0.08216910105923107 0.9965571215662369 0.011051800158085734
vn -0.5612749440194285 0.22956259478458785 0.7951549863339566
vn -0.5612749440194285 0.22956259478458785 0.7951549863339566
vn -0.5612749440194285 0.22956259478458785 0.7951549863339566
vn -0.43599321505003097 0.8985011385283377 -0.051045278857287046
vn -0.43599321505003097 0.8985011385283377 -0.051045278857287046
vn -0.43599321505003097 0.8985011385283377 -0.051045278857287046
vn -0.9705125484609876 0.18698562286906964 -0.15212419307929184
vn -0.9705125484609876 0.18698562286906964 -0.15212419307929184
vn -0.9705125484609876 0.18698562286906964 -0.15212419307929184
vn 0.21517180313078182 -0.06996218992389361 0.9740669315393585
vn 0.21517180313078182 -0.06996218992389361 0.9740669315393585
vn 0.21517180313078182 -0.06996218992389361 0.9740669315393585
vn 0.6351878562469732 0.7265996840822719 0.2618955638568869
vn 0.6351878562469732 0.7265996840822719 0.2618955638568869
vn 0.6351878562469732 0.7265996840822719 0.2618955638568869
vn 0.3962984160644275 -0.895619171052996 0.20202441898733478
vn 0.3962984160644275 -0.895619171052996 0.20202441898733478
vn 0.3962984160644275 -0.895619171052996 0.20202441898733478
vn 0.9918254389306339 0.12211110166391767 -0.03702941453061051
vn 0.9918254389306339 0.12211110166391767 -0.03702941453061051
vn 0.9918254389306339 0.12211110166391767 -0.03702941453061051
vn 0.20477025465455037 0.8686853159192134 -0.4510598238759987
vn 0.20477025465455037 0.8686853159192134 -0.4510598238759987
vn 0.20477025465455037 0.8686853159192134 -0.4510598238759987
vn 0.08981638435613631 0.07662197976393818 -0.9930065907728133
vn 0.08981638435613631 0.07662197976393818 -0.9930065907728133
vn 0.08981638435613631 0.07662197976393818 -0.9930065907728133
vn 0.03711819663972497 -0.3250254107936668 -0.9449765720993419
vn 0.03711819663972497 -0.3250254107936668 -0.9449765720993419
vn 0.03711819663972497 -0.3250254107936668 -0.9449765720993419
vn 0.6165276810511915 0.7322369270948268 0.28934875340385663
vn 0.6165276810511915 0.7322369270948268 0.28934875340385663
vn 0.6165276810511915 0.7322369270948268 0.28934875340385663
vn 0.44517943117242514 0.637158153354375 0.6291619518653673
vn 0.44517943117242514 0.637158153354375 0.6291619518653673
vn 0.44517943117242514 0.637158153354375 0.6291619518653673
vn 0.24585139235999193 0.6816229081300641 -0.6891642068382307
vn 0.24585139235999193 0.6816229081300641 -0.6891642068382307
vn 0.24585139235999193 0.6816229081300641 -0.6891642068382307
vn 0.887926394213133 0.43272438377584593 0.15600104533456954
vn 0.887926394213133 0.43272438377584593 0.15600104533456954
vn 0.887926394213133 0.43272438377584593 0.15600104533456954
vn 0.15094891156303075 -0.9559702851554539 0.25166493597189205
vn 0.15094891156303075 -0.9559702851554539 0.25166493597189205
vn 0.15094891156303075 -0.9559702851554539 0.25166493597189205
vn 0.026059499252666353 -0.8755906305636814 0.4823504433166771
vn 0.026059499252666353 -0.8755906305636814 0.4823504433166771
vn 0.026059499252666353 -0.8755906305636814 0.4823504433166771
vn -0.2910102071747784 0.03461422472402035 -0.9560935700896894
vn -0.2910102071747784 0.03461422472402035 -0.9560935700896894
vn -0.2910102071747784 0.03461422472402035 -0.9560935700896894
vn 0.14300792286871405 0.9099121923713636 0.3893694083652626
vn 0.14300792286871405 0.9099121923713636 0.3893694083652626
vn 0.14300792286871405 0.9099121923713636 0.3893694083652626
vn 0.13769040816971348 -0.9423552028999927 -0.30497216768972735
vn 0.13769040816971348 -0.9423552028999927 -0.30497216768972735
vn 0.13769040816971348 -0.9423552028999927 -0.30497216768972735
vn 0.012695932106079102 0.9998845079798148 0.008353682416859012
vn 0.012695932106079102 0.9998845079798148 0.008353682416859012
vn 0.012695932106079102 0.9998845079798148 0.008353682416859012
vn 0.5417957173980986 0.2899431217641213 0.7889172242705539
vn 0.5417957173980986 0.2899431217641213 0.7889172242705539
vn 0.5417957173980986 0.2899431217641213 0.7889172242705539
vn 0.1430170714676066 0.048232671872449305 0.9885442461685132
vn 0.1430170714676066 0.048232671872449305 0.9885442461685132
vn 0.1430170714676066 0.048232671872449305 0.9885442461685132
vn 0.38936912734667717 0.9195574456177591 -0.052969678857146214
vn 0.38936912734667717 0.9195574456177591 -0.052969678857146214
vn 0.38936912734667717 0.9195574456177591 -0.052969678857146214
vn 0.9439313939350743 0.26325517702051915 -0.19922408317189583
vn 0.9439313939350743 0.26325517702051915 -0.19922408317189583
vn 0.9439313939350743 0.26325517702051915 -0.19922408317189583
vn -0.15511776725228146 -0.5404514746440242 -0.8269526478812234
vn -0.15511776725228146 -0.5404514746440242 -0.8269526478812234
vn -0.15511776725228146 -0.5404514746440242 -0.8269526478812234
vn -0.1956048887374471 0.83518605635494 0.5140067886441714
vn -0.1956048887374471 0.83518605635494 0.5140067886441714
vn -0.1956048887374471 0.83518605635494 0.5140067886441714
vn -0.9076679477669402 -0.22240573483212595 -0.3559137335230732
vn -0.9076679477669402 -0.22240573483212595 -0.3559137335230732
vn -0.9076679477669402 -0.22240573483212595 -0.3559137335230732
vn -0.13845322901023085 0.8252866193554754 0.5474784920793245
vn -0.13845322901023085 0.8252866193554754 0.5474784920793245
vn -0.13845322901023085 0.8252866193554754 0.5474784920793245
vn 0.5146908111096468 0.42012115880951856 -0.7473898453149073
vn 0.5146908111096468 0.42012115880951856 -0.7473898453149073
vn 0.5146908111096468 0.42012115880951856 -0.7473898453149073
vn 0.5014623968635665 0.4299406382719342 -0.7507905913729663
vn 0.5014623968635665 0.4299406382719342 -0.7507905913729663
vn 0.5014623968635665 0.4299406382719342 -0.7507905913729663
vn -0.6349577818235536 -0.6850874927763991 0.3570486557082378
vn -0.6349577818235536 -0.6850874927763991 0.3570486557082378
vn -0.6349577818235536 -0.6850874927763991 0.3570486557082378
vn -0.7438597629383443 -0.666489179444777 -0.049647021706622795
vn -0.7438597629383443 -0.666489179444777 -0.049647021706622795
vn -0.7438597629383443 -0.666489179444777 -0.049647021706622795
vn 0.5446643681782132 0.02008496729258416 -0.8384135734384814
vn 0.5446643681782132 0.02008496729258416 -0.8384135734384814
vn 0.5446643681782132 0.02008496729258416 -0.8384135734384814
vn -0.8480166141661796 -0.33221816800502096 -0.4129151377044881
vn -0.8480166141661796 -0.33221816800502096 -0.4129151377044881
vn -0.8480166141661796 -0.33221816800502096 -0.4129151377044881
vn -0.7498137269954329 0.6568561718002186 0.07949430405494423
vn -0.7498137269954329 0.6568561718002186 0.07949430405494423
vn -0.7498137269954329 0.6568561718002186 0.07949430405494423
vn 0.5257387723027465 0.4258639784706635 -0.7363685321486375
vn 0.5257387723027465 0.4258639784706635 -0.7363685321486375
vn 0.5257387723027465 0.4258639784706635 -0.7363685321486375
vn -0.7684729066996989 0.01831223435459192 0.6396202418165471
vn -0.7684729066996989 0.01831223435459192 0.6396202418165471
vn -0.7684729066996989 0.01831223435459192 0.6396202418165471
vn -0.7678291026450486 -0.3416300934113721 0.5419661875126865
vn -0.7678291026450486 -0.3416300934113721 0.5419661875126865
vn -0.7678291026450486 -0.3416300934113721 0.5419661875126865
vn -0.7439923264122218 0.5195987805040134 -0.42011013501041855
vn -0.7439923264122218 0.5195987805040134 -0.42011013501041855
vn -0.7439923264122218 0.5195987805040134 -0.42011013501041855
vn -0.8396052874520576 0.3031076249302971 -0.45076460485675035
vn -0.8396052874520576 0.3031076249302971 -0.45076460485675035
vn -0.8396052874520576 0.3031076249302971 -0.45076460485675035
vn -0.4295044624104295 -0.22415736749480614 -0.8748024870605516
vn -0.4295044624104295 -0.22415736749480614 -0.8748024870605516
vn -0.4295044624104295 -0.22415736749480614 -0.8748024870605516
vn -0.8543899541772716 -0.3683375667248313 -0.36653136719821133
vn -0.8543899541772716 -0.3683375667248313 -0.36653136719821133
vn -0.8543899541772716 -0.3683375667248313 -0.36653136719821133
vn -0.7583193231050933 -0.056095887331383536 0.6494652074052449
vn -0.7583193231050933 -0.056095887331383536 0.6494652074052449
vn -0.7583193231050933 -0.056095887331383536 0.6494652074052449
vn -0.9340842693910102 0.28747381934158706 0.2117672799783366
vn -0.9340842693910102 0.28747381934158706 0.2117672799783366
vn -0.9340842693910102 0.28747381934158706 0.2117672799783366
vn -0.8477038927398464 -0.10277509170125833 0.5204184765739096
vn -0.8477038927398464 -0.10277509170125833 0.5204184765739096
vn -0.8477038927398464 -0.10277509170125833 0.5204184765739096
vn -0.22815718260457415 0.5020546427940581 -0.8341974800218914
vn -0.22815718260457415 0.5020546427940581 -0.8341974800218914
vn -0.22815718260457415 0.5020546427940581 -0.8341974800218914
vn -0.18877783065866757 0.5201780103056323 -0.8329332315655806
vn -0.18877783065866757 0.5201780103056323 -0.8329332315655806
vn -0.18877783065866757 0.5201780103056323 -0.8329332315655806
vn 0.9338891770803003 -0.06708423983392216 -0.3512131969305601
vn 0.9338891770803003 -0.06708423983392216 -0.3512131969305601
vn 0.9338891770803003 -0.06708423983392216 -0.3512131969305601
vn -0.8823187585951466 0.44973228578136176 -0.13876051079824897
vn -0.8823187585951466 0.44973228578136176 -0.13876051079824897
vn -0.8823187585951466 0.44973228578136176 -0.13876051079824897
vn 0.1934184451230324 -0.24351944271072354 -0.9504144286089343
vn 0.1934184451230324 -0.24351944271072354 -0.9504144286089343
vn 0.1934184451230324 -0.24351944271072354 -0.9504144286089343
vn -0.27071654582676247 0.9258348272595736 0.26370897680750643
vn -0.27071654582676247 0.9258348272595736 0.26370897680750643
vn -0.27071654582676247 0.9258348272595736 0.26370897680750643
vn 0.11322208407352653 -0.7113572900724989 0.6936508960123658
vn 0.11322208407352653 -0.7113572900724989 0.6936508960123658
vn 0.11322208407352653 -0.7113572900724989 0.6936508960123658
vn 0.3047559235345955 -0.7150796590889936 0.6291143840572591
vn 0.3047559235345955 -0.7150796590889936 0.6291143840572591
vn 0.3047559235345955 -0.7150796590889936 0.6291143840572591
vn 0.4776956231730298 0.03171471566597286 -0.8779527711736876
vn 0.4776956231730298 0.03171471566597286 -0.8779527711736876
vn 0.4776956231730298 0.03171471566597286 -0.8779527711736876
vn 0.8214497198662932 -0.43479864018573605 0.36901287270801686
vn 0.8214497198662932 -0.43479864018573605 0.36901287270801686
vn 0.8214497198662932 -0.43479864018573605 0.36901287270801686
vn 0.2624391858190984 0.7615852195702634 0.5925484174974417
vn 0.2624391858190984 0.7615852195702634 0.5925484174974417
vn 0.2624391858190984 0.7615852195702634 0.5925484174974417
vn -0.14907963297018118 0.0023578567923730294 0.9888223822025989
vn -0.14907963297018118 0.0023578567923730294 0.9888223822025989
vn -0.14907963297018118 0.0023578567923730294 0.9888223822025989
vn 0.05889059683780758 -0.44216851004888735 0.8949965957059467
vn 0.05889059683780758 -0.44216851004888735 0.8949965957059467
vn 0.05889059683780758 -0.44216851004888735 0.8949965957059467
vn 0.679935464794587 0.6829683875815902 0.2669118679991049
vn 0.679935464794587 0.6829683875815902 0.2669118679991049
vn 0.679935464794587 0.6829683875815902 0.2669118679991049
vn 0.840273298559357 0.011283146851821711 0.5420456386000152
vn 0.840273298559357 0.011283146851821711 0.5420456386000152
vn 0.840273298559357 0.011283146851821711 0.5420456386000152
vn 0.8925316344701599 -0.44388234669688265 -0.07972291866767837
vn 0.8925316344701599 -0.44388234669688265 -0.07972291866767837
vn 0.8925316344701599 -0.44388234669688265 -0.07972291866767837
vn 0.6155641591259872 -0.6068609870374981 0.5027927091867878
vn 0.6155641591259872 -0.6068609870374981 0.5027927091867878
vn 0.6155641591259872 -0.6068609870374981 0.5027927091867878
vn -0.22111966071890782 -0.14471599692642817 0.9644497788258054
vn -0.22111966071890782 -0.14471599692642817 0.9644497788258054
vn -0.22111966071890782 -0.14471599692642817 0.9644497788258054
vn 0.22327421959803 0.03415815213869071 0.9741569912007823
vn 0.22327421959803 0.03415815213869071 0.9741569912007823
vn 0.22327421959803 0.03415815213869071 0.9741569912007823
vn 0.14530518706158727 -0.2945320319387334 0.9445301926222572
vn 0.14530518706158727 -0.2945320319387334 0.9445301926222572
vn 0.14530518706158727 -0.2945320319387334 0.9445301926222572
vn 0.6597540863636571 0.6853967193704202 -0.30814912396877225
vn 0.6597540863636571 0.6853967193704202 -0.30814912396877225
vn 0.6597540863636571 0.6853967193704202 -0.30814912396877225
vn 0.8849749445697688 0.46549590793897133 -0.011528537453106263
vn 0.8849749445697688 0.46549590793897133 -0.011528537453106263
vn 0.8849749445697688 0.46549590793897133 -0.011528537453106263
vn -0.3263615695008218 -0.019933242516874936 -0.945034809832804
vn -0.3263615695008218 -0.019933242516874936 -0.945034809832804
vn -0.3263615695008218 -0.019933242516874936 -0.945034809832804
vn 0.6290735467991377 0.18717701333250594 0.7544741469377703
vn 0.6290735467991377 0.18717701333250594 0.7544741469377703
vn 0.6290735467991377 0.18717701333250594 0.7544741469377703
vn 0.668867956433798 -0.32266429585855316 -0.6697039711948699
vn 0.668867956433798 -0.32266429585855316 -0.6697039711948699
vn 0.668867956433798 -0.32266429585855316 -0.6697039711948699
vn 0.000884579714045041 0.8986213667355922 0.4387241237554485
vn 0.000884579714045041 0.8986213667355922 0.4387241237554485
vn 0.000884579714045041 0.8986213667355922 0.4387241237554485
vn 0.5758015582857862 0.3469802779079489 0.7403088897335915
vn 0.5758015582857862 0.3469802779079489 0.7403088897335915
vn 0.5758015582857862 0.3469802779079489 0.7403088897335915
vn 0.6922788150096156 -0.1954612916562286 0.6946545369843637
vn 0.6922788150096156 -0.1954612916562286 0.6946545369843637
vn 0.6922788150096156 -0.1954612916562286 0.6946545369843637
vn -0.7186680027626636 0.19831125955713003 -0.6664750153891656
vn -0.7186680027626636 0.19831125955713003 -0.6664750153891656
vn -0.7186680027626636 0.19831125955713003 -0.6664750153891656
vn -0.02600553859764533 -0.9994022410497284 0.022778774045741294
vn -0.02600553859764533 -0.9994022410497284 0.022778774045741294
vn -0.02600553859764533 -0.9994022410497284 0.022778774045741294
vn 0.10518929929856834 -0.5954661268843722 0.7964642509531742
vn 0.10518929929856834 -0.5954661268843722 0.7964642509531742
vn 0.10518929929856834 -0.5954661268843722 0.7964642509531742
vn -0.9289776536096007 -0.34404724292831795 -0.136499134529944
vn -0.9289776536096007 -0.34404724292831795 -0.136499134529944
vn -0.9289776536096007 -0.34404724292831795 -0.136499134529944
vn -0.4205903875448575 -0.002358884942535262 -0.9072475745719546
vn -0.4205903875448575 -0.002358884942535262 -0.9072475745719546
vn -0.4205903875448575 -0.002358884942535262 -0.9072475745719546
vn 0.8478625219264236 -0.36913045380996135 0.3806203515087137
vn 0.8478625219264236 -0.36913045380996135 0.3806203515087137
vn 0.8478625219264236 -0.36913045380996135 0.3806203515087137
vn 0.9165448038329357 -0.24678768454420288 0.31470853392330556
vn 0.9165448038329357 -0.24678768454420288 0.31470853392330556
vn 0.9165448038329357 -0.24678768454420288 0.31470853392330556
vn -0.3765450002493114 0.05094723244502408 -0.9249963471784302
vn -0.3765450002493114 0.05094723244502408 -0.9249963471784302
vn -0.3765450002493114 0.05094723244502408 -0.9249963471784302
vn -0.5803086823817757 0.7324366653020175 -0.3560594956936102
vn -0.5803086823817757 0.7324366653020175 -0.3560594956936102
vn -0.5803086823817757 0.7324366653020175 -0.3560594956936102
vn 0.6707265906722346 0.38192766526911326 0.6358121570615687
vn 0.6707265906722346 0.38192766526911326 0.6358121570615687
vn 0.6707265906722346 0.38192766526911326 0.6358121570615687
vn -0.5183074546673143 0.7503209218794472 -0.4103363213587925
vn -0.5183074546673143 0.7503209218794472 -0.4103363213587925
vn -0.5183074546673143 0.7503209218794472 -0.4103363213587925
vn -0.31381756088686447 0.7628080254037021 0.5653693083805701
vn -0.31381756088686447 0.7628080254037021 0.5653693083805701
vn -0.31381756088686447 0.7628080254037021 0.5653693083805701
vn 0.17767899760586298 0.16503570539254936 0.9701512200452872
vn 0.17767899760586298 0.16503570539254936 0.9701512200452872
vn 0.17767899760586298 0.16503570539254936 0.9701512200452872
vn 0.40274564564581516 0.06854285492575127 0.9127419251639332
vn 0.40274564564581516 0.06854285492575127 0.9127419251639332
vn 0.40274564564581516 0.06854285492575127 0.9127419251639332
vn -0.6451088262776457 0.18990047490020084 -0.7401164853530536
vn -0.6451088262776457 0.18990047490020084 -0.7401164853530536
vn -0.6451088262776457 0.18990047490020084 -0.7401164853530536
vn -0.688859663634703 0.23148649182912664 -0.6869398575695893
vn -0.688859663634703 0.23148649182912664 -0.6869398575695893
vn -0.688859663634703 0.23148649182912664 -0.6869398575695893
vn 0.372728291535657 -0.49046186055071467 0.7877314161781549
vn 0.372728291535657 -0.49046186055071467 0.7877314161781549
vn 0.372728291535657 -0.49046186055071467 0.7877314161781549
vn -0.9115470161204055 -0.2595638067890646 -0.31891796375738135
vn -0.9115470161204055 -0.2595638067890646 -0.31891796375738135
vn -0.9115470161204055 -0.2595638067890646 -0.31891796375738135
vn 0.3699405235922109 -0.6673069673121245 0.6464096382179153
vn 0.3699405235922109 -0.6673069673121245 0.6464096382179153
vn 0.3699405235922109 -0.6673069673121245 0.6464096382179153
vn -0.912786039523829 0.3838952368156417 -0.13944924955217639
vn -0.912786039523829 0.3838952368156417 -0.13944924955217639
vn -0.912786039523829 0.3838952368156417 -0.13944924955217639
vn 0.6404533246844788 -0.4320901538270601 -0.6349154572589212
vn 0.6404533246844788 -0.4320901538270601 -0.6349154572589212
vn 0.6404533246844788 -0.4320901538270601 -0.6349154572589212
vn -0.4305960712988947 0.34333368170770906 0.834690964601263
vn -0.4305960712988947 0.34333368170770906 0.834690964601263
vn -0.4305960712988947 0.34333368170770906 0.834690964601263
vn -0.4910163489545406 0.5339355964944138 0.6883427371996507
vn -0.4910163489545406 0.5339355964944138 0.6883427371996507
vn -0.4910163489545406 0.5339355964944138 0.6883427371996507
vn 0.5591645951053894 -0.7906701130257083 -0.2493506124887998
vn 0.5591645951053894 -0.7906701130257083 -0.2493506124887998
vn 0.5591645951053894 -0.7906701130257083 -0.2493506124887998
vn -0.2545325184497203 -0.41134536661792676 -0.8752189362745793
vn -0.2545325184497203 -0.41134536661792676 -0.8752189362745793
vn -0.2545325184497203 -0.41134536661792676 -0.8752189362745793
vn 0.22244338998560662 -0.8425364610727919 -0.4905621775215114
vn 0.22244338998560662 -0.8425364610727919 -0.4905621775215114
vn 0.22244338998560662 -0.8425364610727919 -0.4905621775215114
vn -0.7628648179032765 0.4863139623904099 -0.426070416233678
vn -0.7628648179032765 0.4863139623904099 -0.426070416233678
vn -0.7628648179032765 0.4863139623904099 -0.426070416233678
vn -0.8879043595368211 0.35081804333951694 -0.2975778029069717
vn -0.8879043595368211 0.35081804333951694 -0.2975778029069717
vn -0.8879043595368211 0.35081804333951694 -0.2975778029069717
vn -0.9466345456765168 -0.1796705452601454 -0.26758462604891337
vn -0.9466345456765168 -0.1796705452601454 -0.26758462604891337
vn -0.9466345456765168 -0.1796705452601454 -0.26758462604891337
vn 0.934028632104658 0.19256094234495486 0.3008501252981694
vn 0.934028632104658 0.19256094234495486 0.3008501252981694
vn 0.934028632104658 0.19256094234495486 0.3008501252981694
vn -0.009074388763100115 -0.9995565149936387 0.028362454096003496
vn -0.009074388763100115 -0.9995565149936387 0.028362454096003496
vn -0.009074388763100115 -0.9995565149936387 0.028362454096003496
vn -0.828313695572757 -0.37506734748316783 0.4161981578269453
vn -0.828313695572757 -0.37506734748316783 0.4161981578269453
vn -0.828313695572757 -0.37506734748316783 0.4161981578269453
vn 0.5173547909646918 -0.13440457105117506 0.8451505378016566
vn 0.5173547909646918 -0.13440457105117506 0.8451505378016566
vn 0.5173547909646918 -0.13440457105117506 0.8451505378016566
vn 0.9880052427948903 -0.14944596919944947 0.03887856092819112
vn 0.9880052427948903 -0.14944596919944947 0.03887856092819112
vn 0.9880052427948903 -0.14944596919944947 0.03887856092819112
vn -0.7807496077590846 -0.44856657931682564 -0.4349920388973081
vn -0.7807496077590846 -0.44856657931682564 -0.4349920388973081
vn -0.7807496077590846 -0.44856657931682564 -0.4349920388973081
vn -0.7409495811163792 -0.36864886184553736 -0.5613303260144172
vn -0.7409495811163792 -0.36864886184553736 -0.5613303260144172
vn -0.7409495811163792 -0.36864886184553736 -0.5613303260144172
vn 0.9935548272616553 -0.10452954436503333 -0.04384494930890591
vn 0.9935548272616553 -0.10452954436503333 -0.04384494930890591
vn 0.9935548272616553 -0.10452954436503333 -0.04384494930890591
vn 0.7043956530010169 0.686182857712843 0.18160355121612362
vn 0.7043956530010169 0.686182857712843 0.18160355121612362
vn 0.7043956530010169 0.686182857712843 0.18160355121612362
vn -0.8307217556845189 0.32809693400484696 -0.4497263240339059
vn -0.8307217556845189 0.32809693400484696 -0.4497263240339059
vn -0.8307217556845189 0.32809693400484696 -0.4497263240339059
vn 0.7450525839538886 0.6659164499220034 0.03810418437533954
vn 0.7450525839538886 0.6659164499220034 0.03810418437533954
vn 0.7450525839538886 0.6659164499220034 0.03810418437533954
vn -0.31247439367143665 0.7151206591423573 0.6252696987440447
vn -0.31247439367143665 0.7151206591423573 0.6252696987440447
vn -0.31247439367143665 0.7151206591423573 0.6252696987440447
vn -0.9413816797859418 0.17392107602321508 0.28905361488541437
vn -0.9413816797859418 0.17392107602321508 0.28905361488541437
vn -0.9413816797859418 0.17392107602321508 0.28905361488541437
vn -0.983041212363016 0.18282364039150847 -0.014334968079767897
vn -0.983041212363016 0.18282364039150847 -0.014334968079767897
vn -0.983041212363016 0.18282364039150847 -0.014334968079767897
vn 0.9596298399453564 0.14212748500840985 0.2427145407503099
vn 0.9596298399453564 0.14212748500840985 0.2427145407503099
vn 0.9596298399453564 0.14212748500840985 0.2427145407503099
vn 0.9430876896297723 0.20050154469058615 0.26530122548806173
vn 0.9430876896297723 0.20050154469058615 0.26530122548806173
vn 0.9430876896297723 0.20050154469058615 0.26530122548806173
vn -0.9105800600365535 -0.3962892087353026 0.11746836724741781
vn -0.9105800600365535 -0.3962892087353026 0.11746836724741781
vn -0.9105800600365535 -0.3962892087353026 0.11746836724741781
vn 0.6989542883797597 -0.1372281917212635 0.7018770021538359
vn 0.6989542883797597 -0.1372281917212635 0.7018770021538359
vn 0.6989542883797597 -0.1372281917212635 0.7018770021538359
vn -0.7497374957836399 -0.6557827545006312 0.0885588296876223
vn -0.7497374957836399 -0.6557827545006312 0.0885588296876223
vn -0.7497374957836399 -0.6557827545006312 0.0885588296876223
vn 0.6067004672874765 0.4743675192264328 0.6378792986891153
vn 0.6067004672874765 0.4743675192264328 0.6378792986891153
vn 0.6067004672874765 0.4743675192264328 0.6378792986891153
vn 0.32165030204894574 -0.5802319746888365 -0.7482459079343604
vn 0.32165030204894574 -0.5802319746888365 -0.7482459079343604
vn 0.32165030204894574 -0.5802319746888365 -0.7482459079343604
vn -0.46099034447402226 0.6316556402409251 0.6232969231863329
vn -0.46099034447402226 0.6316556402409251 0.6232969231863329
vn -0.46099034447402226 0.6316556402409251 0.6232969231863329
vn -0.30395274812530215 0.7738206844663954 0.5557106038209422
vn -0.30395274812530215 0.7738206844663954 0.5557106038209422
vn -0.30395274812530215 0.7738206844663954 0.5557106038209422
vn -0.12156312900969952 -0.9095327845378182 -0.39745756945396576
vn -0.12156312900969952 -0.9095327845378182 -0.39745756945396576
vn -0.12156312900969952 -0.9095327845378182 -0.39745756945396576
vn 0.8541594100425739 -0.5100835533531898 -0.1011260146268291
vn 0.8541594100425739 -0.5100835533531898 -0.1011260146268291
vn 0.8541594100425739 -0.5100835533531898 -0.1011260146268291
vn 0.24145470259858084 -0.9452629568058122 -0.21949389304434866
vn 0.24145470259858084 -0.9452629568058122 -0.21949389304434866
vn 0.24145470259858084 -0.9452629568058122 -0.21949389304434866
vn 0.7991310851709876 0.49224852884959996 0.34508099709900575
vn 0.7991310851709876 0.49224852884959996 0.34508099709900575
vn 0.7991310851709876 0.49224852884959996 0.34508099709900575
vn 0.7905666716763938 -0.21603968435107648 0.5730019131032601
vn 0.7855995831610387 -0.18619096132514065 0.5900561167024897
vn 0.7855995831610387 -0.18619096132514065 0.5900561167024897
vn 0.779597069744439 -0.15570396699276548 0.6066174111485755
vn -0.06242088111787538 0.32274585359021696 0.9444250883954693
vn -0.07451230970454713 0.33140939197657215 0.9405401270611544
vn -0.07451230970454713 0.33140939197657215 0.9405401270611544
vn -0.10118183653334557 0.3502849395732994 0.9311620144012906
vn -0.4600110545020506 -0.19411699030597945 -0.8664343159238673
vn -0.4600111252503303 -0.19411699500840743 -0.8664342773083433
vn -0.4600111252503303 -0.19411699500840743 -0.8664342773083433
vn -0.4600111474155619 -0.19411700668684412 -0.8664342629238285
vn -0.1980122766428374 0.25073867929763105 -0.9475870688241795
vn -0.20598376860666504 0.2503692455876689 -0.9459841055400757
vn -0.20598376860666504 0.2503692455876689 -0.9459841055400757
vn -0.21176940244773854 0.25009030153355455 -0.9447796363521938
vn -0.9151453047911225 0.39935333706819043 0.055008938285187194
vn -0.9072913584056584 0.41574234029577856 0.06309276858566251
vn -0.9072913584056584 0.41574234029577856 0.06309276858566251
vn -0.901996085779603 0.4263025269923491 0.06833166702351634
vn 0.6463559698614875 -0.5118702517550862 -0.5658734890349616
vn 0.653828590732404 -0.5236850735230862 -0.5461337910347596
vn 0.653828590732404 -0.5236850735230862 -0.5461337910347596
vn 0.6593989636411783 -0.5326999350378089 -0.530493907561297
vn -0.9737565079838724 0.1011928261892358 0.2038584682736774
vn -0.9709455441131937 0.11805021103176085 0.2081559464490292
vn -0.9709455441131937 0.11805021103176085 0.2081559464490292
vn -0.9675022405738449 0.13656623720909425 0.2128123054222651
vn -0.3880845023377466 0.5860902686824638 0.7112584734124303
vn -0.32005027122037255 0.6215230858587631 0.7150362771470875
vn -0.32005027122037255 0.6215230858587631 0.7150362771470875
vn -0.28823409282765583 0.6365398344862901 0.7153587539437708
vn 0.7255216851651655 -0.49542641740241733 -0.4776724288619809
vn 0.7255217547083845 -0.49542642418902605 -0.47767231619609485
vn 0.7255217547083845 -0.49542642418902605 -0.47767231619609485
vn 0.7255218528653147 -0.4954263800109885 -0.47767221292858164
vn -0.5453077004769663 -0.5819866110425695 0.6032670191281038
vn -0.5416238960668441 -0.5834261836059593 0.6051920715709662
vn -0.5416238960668441 -0.5834261836059593 0.6051920715709662
vn -0.5370587049392783 -0.5851889186057976 0.6075540115824454
vn 0.6272899597784304 -0.08671830718001577 -0.7739426603831887
vn 0.6223037327979014 -0.08632557212132905 -0.7780012594743811
vn 0.6223037327979014 -0.08632557212132905 -0.7780012594743811
vn 0.6157709525553974 -0.08580869666795281 -0.7832387896198488
vn 0.8758214228333119 0.34906927198469484 0.3332978827750158
vn 0.874192585214583 0.35338157000347503 0.3330297132955599
vn 0.874192585214583 0.35338157000347503 0.3330297132955599
vn 0.8716195177319821 0.3600804189716057 0.33259811812741796
vn -0.44470412298135115 -0.6430692186447358 -0.6234582768999353
vn -0.4505229948321881 -0.6445158206909268 -0.6177607854230772
vn -0.4505229948321881 -0.6445158206909268 -0.6177607854230772
vn -0.45805024868921707 -0.6463325586991328 -0.610282060395993
vn 0.05703510065744368 -0.9276117835735744 -0.3691657842601986
vn 0.10236230984909693 -0.7785646723202332 -0.6191599216173841
vn 0.10236230984909693 -0.7785646723202332 -0.6191599216173841
vn -0.03545946242232553 0.9679389560243417 0.24867007044521292
vn 0.833736361934884 0.3320269890093391 -0.441182226927804
vn 0.8364267474397026 0.336111043952466 -0.43291992596856027
vn 0.8364267474397026 0.336111043952466 -0.43291992596856027
vn 0.8379445000306798 0.33845412425483634 -0.4281329473927764
vn -0.8327383498415937 -0.34389514141519745 0.4339158586801374
vn -0.8364267869275441 -0.3361110358686983 0.43291985595180915
vn -0.8364267869275441 -0.3361110358686983 0.43291985595180915
vn -0.8376740146941091 -0.33344259578425123 0.4325717055274352
vn -0.8618952773028046 0.2935190844896217 -0.41350100121220495
vn -0.8566377748364861 0.2864521440294299 -0.4290884429859846
vn -0.8566377748364861 0.2864521440294299 -0.4290884429859846
vn -0.8469896226268663 0.2741282553070475 -0.4554802726844629
vn 0.8600852581390117 -0.2776813238733099 0.4279561088521996
vn 0.8566377748364861 -0.2864521440294299 0.4290884429859846
vn 0.8566377748364861 -0.2864521440294299 0.4290884429859846
vn 0.8462485514635544 -0.31163626333274386 0.43214144504067287
vn 0.03524947898912678 -0.9382901754249765 -0.3440479921928943
vn 0.035249524524160025 -0.9382901379549566 -0.34404808971608775
vn 0.035249524524160025 -0.9382901379549566 -0.34404808971608775
vn 0.035249571447044006 -0.938290097870427 -0.344048194227356
vn -0.16188275631091473 0.9856436141193489 -0.047964978421021695
vn -0.16013818913454672 0.9857958514710372 -0.050619162411095084
vn -0.16013818913454672 0.9857958514710372 -0.050619162411095084
vn -0.15795083434572552 0.9859724697394926 -0.053942773800523355
vn -0.34731829460967106 0.3852266701943796 -0.854968078234726
vn -0.34446698189975655 0.3875594112409 -0.8550673664334756
vn -0.34446698189975655 0.3875594112409 -0.8550673664334756
vn -0.341056916590191 0.3903374115406143 -0.8551706758289627
vn 0.9147841786525112 0.1251997331956784 0.38405069104843653
vn 0.9135402068836906 0.12830114679019736 0.385983297746449
vn 0.9135402068836906 0.12830114679019736 0.385983297746449
vn 0.9102059413342456 0.13644309057997744 0.3910350718194262
vn 0.09062487525800234 0.9945355537177328 -0.05182821987907923
vn 0.09276243417831492 0.9945079215346981 -0.04846777083845168
vn 0.09276243417831492 0.9945079215346981 -0.04846777083845168
vn 0.09446802030484093 0.9944745344533459 -0.045784205393183904
vn 0.33356278744624773 0.41871848212709434 -0.844636430398471
vn 0.338314687974236 0.415479607465218 -0.8443458223272284
vn 0.338314687974236 0.415479607465218 -0.8443458223272284
vn 0.3442579612094237 0.41139839345494755 -0.8439418333076156
vn -0.5071887999248955 -0.5281089574782163 0.6810730138994026
vn -0.7084217719458126 -0.5819688481987395 0.3993129759466721
vn -0.7084217719458126 -0.5819688481987395 0.3993129759466721
vn -0.8163989641493866 -0.5688903233615564 0.09928006507548555
vn -0.980304627378494 -0.16046011915554861 -0.1151320446309339
vn -0.9786290939778751 -0.18549511980497083 -0.08875053210309562
vn -0.9786290939778751 -0.18549511980497083 -0.08875053210309562
vn -0.9759964391269879 -0.20792652761124963 -0.06478819280523418
vn -0.4220436539612399 0.9065414723381855 -0.007855767432917882
vn -0.42367423165739326 0.905814004531182 -0.0010651876365701935
vn -0.42367423165739326 0.905814004531182 -0.0010651876365701935
vn -0.42556038861467393 0.9049037175984816 0.006900544802779326
vn -0.17432733935086986 0.933252072880912 0.31408684661782216
vn -0.1916702799575796 0.9237484156730198 0.33158915591823657
vn -0.1916702799575796 0.9237484156730198 0.33158915591823657
vn -0.21377590345052558 0.9105802198146953 0.3537563093234285
vn -0.926197148998049 0.06115413310487905 0.3720470577656496
vn -0.9266299734484511 0.06490996570432474 0.37032902756762937
vn -0.9266299734484511 0.06490996570432474 0.37032902756762937
vn -0.9276750651719565 0.07461608920532484 0.3658570932617125
vn -0.9833752741807651 0.0028079073598346973 0.1815631729899092
vn -0.9839047244008182 0.004922817952111299 0.1786260315999897
vn -0.9839047244008182 0.004922817952111299 0.1786260315999897
vn -0.9845822541889763 0.007709422683636824 0.17475225188259808
vn -0.8875475126204397 0.22904125362813307 -0.3997493176701162
vn -0.8861073074449505 0.2279287232071507 -0.40356206069180767
vn -0.8861073074449505 0.2279287232071507 -0.40356206069180767
vn -0.8839692236793281 0.22629181434960102 -0.40913375116962875
vn -0.7904588533558928 -0.04545589882175568 0.6108261310828095
vn -0.8028278243467107 -0.021067727075408223 0.595838598389365
vn -0.8028278243467107 -0.021067727075408223 0.595838598389365
vn -0.8149358113967945 0.004476089540014963 0.579533940270523
vn -0.3432302809592208 0.1259949816785276 0.9307621816685946
vn 0.3466702776194574 -0.5936735999517453 0.726203398047395
vn 0.3466702776194574 -0.5936735999517453 0.726203398047395
vn 0.5952207325677812 -0.7506063428656053 0.28688394442944254
vn 0.8747509231007332 -0.43770933697224057 -0.20789747199457906
vn 0.9217390009594058 -0.3835088390675736 -0.057603684494990155
vn 0.9217390009594058 -0.3835088390675736 -0.057603684494990155
vn 0.9358584326113898 -0.3518346861642184 0.01952812643032929
vn 0.3877897176939111 0.9214839731814927 0.022054977227983608
vn 0.38546968233167095 0.9226403410342301 0.012162446273694146
vn 0.38546968233167095 0.9226403410342301 0.012162446273694146
vn 0.3834636194708827 0.923548396383244 0.0037432713271210397
vn 0.14291641352085108 0.9263766560903515 0.34842673519291784
vn 0.12459469103557318 0.9354412752404326 0.33079568247228236
vn 0.12459469103557318 0.9354412752404326 0.33079568247228236
vn 0.10960975512348406 0.9423183990506867 0.31626213240336026
vn 0.9668472773155529 0.06821928009509652 0.24607411926248743
vn 0.964703771895368 0.06050954966068223 0.25629129304506504
vn 0.964703771895368 0.06050954966068223 0.25629129304506504
vn 0.9629742623232255 0.05467036807156132 0.2639918956293165
vn 0.873127103614992 0.28682139540945323 -0.3941859308350174
vn 0.8838817940186644 0.29702651053469153 -0.36128690294824184
vn 0.8838817940186644 0.29702651053469153 -0.36128690294824184
vn 0.8906733778548963 0.30388601893930106 -0.3381630102092359
vn 0.8000189244736977 0.0000445969609209054 0.5999747648818732
vn 0.803324135565114 0.0074518460974272276 0.5954954266896619
vn 0.803324135565114 0.0074518460974272276 0.5954954266896619
vn 0.8065348173942786 0.014799400060959485 0.5910013249465803
vn -0.1653000997090015 0.8348415426653008 0.5250861602407886
vn -0.165300091318824 0.8348414563394726 0.5250863001326325
vn -0.165300091318824 0.8348414563394726 0.5250863001326325
vn -0.16530008097183702 0.8348414040824312 0.525086386474053
vn -0.6678995332703632 0.06979463084994822 0.7409716073924496
vn -0.6678995339649927 0.06979461602137525 0.7409716081630756
vn -0.6678995339649927 0.06979461602137525 0.7409716081630756
vn -0.6678995016439995 0.06979460397131931 0.7409716384317178
vn -0.026005426842795394 -0.9994022411981013 0.022778895121059732
vn -0.026005598090260762 -0.9994022367443733 0.022778895019548048
vn -0.026005598090260762 -0.9994022367443733 0.022778895019548048
vn -0.026005854960351116 -0.9994022300213226 0.022778896728957942
vn -0.02600579002040137 -0.9994022397299217 0.022778544910303008
vn -0.026005598090260762 -0.9994022367443733 0.022778895019548048
vn -0.026005598090260762 -0.9994022367443733 0.022778895019548048
vn -0.02600540988509494 -0.9994022337466542 0.02277924140322326
vn -0.6028011636885746 -0.655461630638287 0.45497341440648853
vn -0.602801326568249 -0.6554616133120154 0.45497322356592546
vn -0.602801326568249 -0.6554616133120154 0.45497322356592546
vn -0.6028014515017486 -0.6554616195362861 0.4549730490724192
vn 0.693343676505886 0.13154683580800425 -0.708498395367416
vn 0.6933435894010456 0.13154679719563916 -0.7084984877782334
vn 0.6933435894010456 0.13154679719563916 -0.7084984877782334
vn 0.693343561480376 0.13154677699714137 -0.7084985188519255
vn 0.26905303849162654 0.9631188388588511 -0.003544673976758602
vn 0.26905306619674746 0.9631188313515816 -0.0035446108520256277
vn 0.26905306619674746 0.9631188313515816 -0.0035446108520256277
vn 0.2690530662333851 0.963118831482732 -0.0035445724354528896
vn 0.017263352515782964 0.5845688461203582 0.8111604285253496
vn -0.008138697672297609 0.626056140692598 0.7797355130435505
vn -0.008138697672297609 0.626056140692598 0.7797355130435505
vn -0.035042967964967864 0.6677519739599195 0.7435585327792542
vn 0.6890325032546175 0.33203968802456013 -0.6441924052914845
vn 0.7761148712674631 0.40443515268408387 -0.48381599174778284
vn 0.7761148712674631 0.40443515268408387 -0.48381599174778284
vn 0.8018552633817143 0.4283262476736896 -0.4166110441896837
vn 0.6338375759073329 0.48170032734492296 0.6051567747317301
vn 0.6411290107991904 0.4751373782420873 0.6026591601468338
vn 0.6411290107991904 0.4751373782420873 0.6026591601468338
vn 0.6508358059762259 0.4662302092611719 0.5992012563668072
vn -0.5776249946129873 0.4913868759029863 -0.6518345678073918
vn -0.5520818778390145 0.6494924365908136 -0.522843356057123
vn -0.5520818778390145 0.6494924365908136 -0.522843356057123
vn -0.5070126589182355 0.7726521991227542 -0.38202976701748326
vn -0.003407518659733842 0.5544569569651154 -0.8322054263759444
vn -0.09674971619335952 0.6186389966981093 -0.7796956356046
vn -0.09674971619335952 0.6186389966981093 -0.7796956356046
vn -0.14876639498060937 0.650609478170743 -0.7446985072087005
vn -0.04780936845569901 0.05187890153505966 -0.9975083176913276
vn -0.20601107404586205 0.0381599221811141 -0.9778053271022825
vn -0.20601107404586205 0.0381599221811141 -0.9778053271022825
vn -0.3465480580875723 0.024711242476543403 -0.9377066694499928
vn -0.3153079403376364 0.34414010729711964 0.8843915927402094
vn -0.31530802732354635 0.3441400450500366 0.8843915859495117
vn -0.31530802732354635 0.3441400450500366 0.8843915859495117
vn -0.3153081309305549 0.34414000094389274 0.88439156617384
vn -0.0090746370046019 -0.9995565115320065 0.028362496667258163
vn -0.009074673731523479 -0.999556513200769 0.0283624261054543
vn -0.009074673731523479 -0.999556513200769 0.0283624261054543
vn -0.009074698887146735 -0.9995565142928223 0.028362379570313862
vn -0.009073848675969819 -0.9995565238006218 0.028362316510163365
vn -0.009074515448012403 -0.999556517752396 0.028362316338545565
vn -0.009074515448012403 -0.999556517752396 0.028362316338545565
vn -0.00907530289192632 -0.9995565106138535 0.028362315964620823
vn -0.19373701527047002 -0.34629267479588693 0.9179037816115586
vn -0.19373715494682658 -0.34629268474458486 0.9179037483775174
vn -0.19373715494682658 -0.34629268474458486 0.9179037483775174
vn -0.1937372409979853 -0.3462926787462915 0.9179037324780884
vn 0.305781129422187 -0.23819600310520844 -0.9218245847198889
vn 0.305781129422187 -0.23819600310520844 -0.9218245847198889
vn 0.305781129422187 -0.23819600310520844 -0.9218245847198889
vn 0.3057810607602266 -0.23819596624745895 -0.9218246170198483
vn 0.016015416022624334 0.8029651051519926 -0.5958108310175908
vn 0.0160153189921727 0.8029651560877041 -0.5958107649804828
vn 0.0160153189921727 0.8029651560877041 -0.5958107649804828
vn 0.016015155121442633 0.8029651581955696 -0.5958107665445468
vn -0.5469229815473282 0.7071737048531236 0.4480854867318155
vn -0.6723399119346131 0.6031765899276699 0.42911192500673323
vn -0.6723399119346131 0.6031765899276699 0.42911192500673323
vn -0.7635589832849317 0.5034938451213176 0.4043162462353351
vn -0.006055896172112299 0.31684601315678723 -0.9484576585531911
vn 0.06139041372693675 0.2864324398838982 -0.9561316198539783
vn 0.06139041372693675 0.2864324398838982 -0.9561316198539783
vn 0.23064211988990332 0.20229774264386113 -0.9517771986415149
vn -0.867918124048375 0.437740946890652 -0.23473600781223375
vn -0.8691752407095295 0.4266698288826689 -0.2499745148185425
vn -0.8691752407095295 0.4266698288826689 -0.2499745148185425
vn -0.8698387017654721 0.41923632599244415 -0.2600414118545642
vn 0.6200006427255025 0.7163094077725461 0.3201562670892261
vn 0.7148521051056951 0.6337671372602005 0.2955091936894116
vn 0.7148521051056951 0.6337671372602005 0.2955091936894116
vn 0.8256178661270126 0.5038796762765427 0.2538905491886708
vn 0.7775390184049913 0.5826250937649852 -0.23660320152767322
vn 0.7794796929349338 0.5578103736601351 -0.28505963470684814
vn 0.7794796929349338 0.5578103736601351 -0.28505963470684814
vn 0.7770315013236354 0.5080828797839096 -0.3715828753067433
vn 0.9518259840285396 -0.1533907813252073 -0.26551565741504735
vn 0.9301488805977675 -0.1612456706085213 -0.32988315148356473
vn 0.9301488805977675 -0.1612456706085213 -0.32988315148356473
vn 0.9006894972496533 -0.16915229236353668 -0.4001823728405932
vn -0.9099649830564209 0.043105155436173576 0.41243869263922217
vn -0.9099649830564209 0.043105155436173576 0.41243869263922217
vn -0.9099649830564209 0.043105155436173576 0.41243869263922217
vn 0.3988254863849633 -0.914738751248664 -0.06473985151228014
vn -0.8888038572437327 -0.458276906723068 0.0031591316843573077
vn -0.8888038572437327 -0.458276906723068 0.0031591316843573077
vn 0.06053924061238118 -0.9981421023195148 0.006880692062229578
vn -0.7013252334403475 -0.22145245833180893 -0.6775704580622156
vn -0.7013252334403475 -0.22145245833180893 -0.6775704580622156
vn -0.7013252334403475 -0.22145245833180893 -0.6775704580622156
vn -0.47148944055532116 -0.5546925794317785 -0.6855755609472598
vn -0.47148944055532116 -0.5546925794317785 -0.6855755609472598
vn -0.47148944055532116 -0.5546925794317785 -0.6855755609472598
vn 0.21737177800746954 0.9595071135059321 0.17915247488490268
vn 0.21737177800746954 0.9595071135059321 0.17915247488490268
vn 0.21737177800746954 0.9595071135059321 0.17915247488490268
vn -0.8791878181593079 0.4763967074141676 0.008657803717790515
vn -0.8791878181593079 0.4763967074141676 0.008657803717790515
vn -0.8791878181593079 0.4763967074141676 0.008657803717790515
vn -0.8055016876828791 0.565501324023592 -0.177130696570633
vn 0.5087193838720491 -0.4900859288632154 -0.707827924571447
vn 0.5087193838720491 -0.4900859288632154 -0.707827924571447
vn -0.23180219319330964 0.3388298122928516 -0.9118454373041313
vn 0.9784772753518064 0.20122791336001236 -0.04571157954917559
vn 0.9673737724366939 -0.20704009788248665 -0.1460218554546199
vn 0.9673737724366939 -0.20704009788248665 -0.1460218554546199
vn -0.8816330577782763 -0.38566503562550364 -0.272002999484391
vn 0.023554997919629225 -0.23647164210885313 -0.9713528321631376
vn 0.18974068268865005 -0.09635948139903758 -0.9770943269087964
vn 0.18974068268865005 -0.09635948139903758 -0.9770943269087964
vn -0.3814541362402289 -0.2856692942032523 0.8791392360113592
f 3/3/3 2/2/2 1/1/1
f 6/6/6 5/5/5 4/4/4
f 9/9/9 8/8/8 7/7/7
f 12/12/12 11/11/11 10/10/10
f 15/15/15 14/14/14 13/13/13
f 18/18/18 17/17/17 16/16/16
f 21/21/21 20/20/20 19/19/19
f 24/24/24 23/23/23 22/22/22
f 27/27/27 26/26/26 25/25/25
f 30/30/30 29/29/29 28/28/28
f 33/33/33 32/32/32 31/31/31
f 36/36/36 35/35/35 34/34/34
f 39/39/39 38/38/38 37/37/37
f 42/42/42 41/41/41 40/40/40
f 45/45/45 44/44/44 43/43/43
f 48/48/48 47/47/47 46/46/46
f 51/51/51 50/50/50 49/49/49
f 54/54/54 53/53/53 52/52/52
f 57/57/57 56/56/56 55/55/55
f 60/60/60 59/59/59 58/58/58
f 63/63/63 62/62/62 61/61/61
f 66/66/66 65/65/65 64/64/64
f 69/69/69 68/68/68 67/67/67
f 72/72/72 71/71/71 70/70/70
f 75/75/75 74/74/74 73/73/73
f 78/78/78 77/77/77 76/76/76
f 81/81/81 80/80/80 79/79/79
f 84/84/84 83/83/83 82/82/82
f 87/87/87 86/86/86 85/85/85
f 90/90/90 89/89/89 88/88/88
f 93/93/93 92/92/92 91/91/91
f 96/96/96 95/95/95 94/94/94
f 99/99/99 98/98/98 97/97/97
f 102/102/102 101/101/101 100/100/100
f 105/105/105 104/104/104 103/103/103
f 108/108/108 107/107/107 106/106/106
f 111/111/111 110/110/110 109/109/109
f 114/114/114 113/113/113 112/112/112
f 117/117/117 116/116/116 115/115/115
f 120/120/120 119/119/119 118/118/118
f 123/123/123 122/122/122 121/121/121
f 126/126/126 125/125/125 124/124/124
f 129/129/129 128/128/128 127/127/127
f 132/132/132 131/131/131 130/130/130
f 135/135/135 134/134/134 133/133/133
f 138/138/138 137/137/137 136/136/136
f 141/141/141 140/140/140 139/139/139
f 144/144/144 143/143/143 142/142/142
f 147/147/147 146/146/146 145/145/145
f 150/150/150 149/149/149 148/148/148
f 153/153/153 152/152/152 151/151/151
f 156/156/156 155/155/155 154/154/154
f 159/159/159 158/158/158 157/157/157
f 162/162/162 161/161/161 160/160/160
f 165/165/165 164/164/164 163/163/163
f 168/168/168 167/167/167 166/166/166
f 171/171/171 170/170/170 169/169/169
f 174/174/174 173/173/173 172/172/172
f 177/177/177 176/176/176 175/175/175
f 180/180/180 179/179/179 178/178/178
f 183/183/183 182/182/182 181/181/181
f 186/186/186 185/185/185 184/184/184
f 189/189/189 188/188/188 187/187/187
f 192/192/192 191/191/191 190/190/190
f 195/195/195 194/194/194 193/193/193
f 198/198/198 197/197/197 196/196/196
f 201/201/201 200/200/200 199/199/199
f 204/204/204 203/203/203 202/202/202
f 207/207/207 206/206/206 205/205/205
f 210/210/210 209/209/209 208/208/208
f 213/213/213 212/212/212 211/211/211
f 216/216/216 215/215/215 214/214/214
f 219/219/219 218/218/218 217/217/217
f 222/222/222 221/221/221 220/220/220
f 225/225/225 224/224/224 223/223/223
f 228/228/228 227/227/227 226/226/226
f 231/231/231 230/230/230 229/229/229
f 234/234/234 233/233/233 232/232/232
f 237/237/237 236/236/236 235/235/235
f 240/240/240 239/239/239 238/238/238
f 243/243/243 242/242/242 241/241/241
f 246/246/246 245/245/245 244/244/244
f 249/249/249 248/248/248 247/247/247
f 252/252/252 251/251/251 250/250/250
f 255/255/255 254/254/254 253/253/253
f 258/258/258 257/257/257 256/256/256
f 261/261/261 260/260/260 259/259/259
f 264/264/264 263/263/263 262/262/262
f 267/267/267 266/266/266 265/265/265
f 270/270/270 269/269/269 268/268/268
f 273/273/273 272/272/272 271/271/271
f 276/276/276 275/275/275 274/274/274
f 279/279/279 278/278/278 277/277/277
f 282/282/282 281/281/281 280/280/280
f 285/285/285 284/284/284 283/283/283
f 288/288/288 287/287/287 286/286/286
f 291/291/291 290/290/290 289/289/289
f 294/294/294 293/293/293 292/292/292
f 297/297/297 296/296/296 295/295/295
f 300/300/300 299/299/299 298/298/298
f 303/303/303 302/302/302 301/301/301
f 306/306/306 305/305/305 304/304/304
f 309/309/309 308/308/308 307/307/307
f 312/312/312 311/311/311 310/310/310
f 315/315/315 314/314/314 313/313/313
f 318/318/318 317/317/317 316/316/316
f 321/321/321 320/320/320 319/319/319
f 324/324/324 323/323/323 322/322/322
f 327/327/327 326/326/326 325/325/325
f 330/330/330 329/329/329 328/328/328
f 333/333/333 332/332/332 331/331/331
f 336/336/336 335/335/335 334/334/334
f 339/339/339 338/338/338 337/337/337
f 342/342/342 341/341/341 340/340/340
f 345/345/345 344/344/344 343/343/343
f 348/348/348 347/347/347 346/346/346
f 351/351/351 350/350/350 349/349/349
f 354/354/354 353/353/353 352/352/352
f 357/357/357 356/356/356 355/355/355
f 360/360/360 359/359/359 358/358/358
f 363/363/363 362/362/362 361/361/361
f 366/366/366 365/365/365 364/364/364
f 369/369/369 368/368/368 367/367/367
f 372/372/372 371/371/371 370/370/370
f 375/375/375 374/374/374 373/373/373
f 378/378/378 377/377/377 376/376/376
f 381/381/381 380/380/380 379/379/379
f 384/384/384 383/383/383 382/382/382
f 387/387/387 386/386/386 385/385/385
f 390/390/390 389/389/389 388/388/388
f 393/393/393 392/392/392 391/391/391
f 396/396/396 395/395/395 394/394/394
f 399/399/399 398/398/398 397/397/397
f 402/402/402 401/401/401 400/400/400
f 405/405/405 404/404/404 403/403/403
f 408/408/408 407/407/407 406/406/406
f 411/411/411 410/410/410 409/409/409
f 414/414/414 413/413/413 412/412/412
f 417/417/417 416/416/416 415/415/415
f 420/420/420 419/419/419 418/418/418
f 423/423/423 422/422/422 421/421/421
f 426/426/426 425/425/425 424/424/424
f 429/429/429 428/428/428 427/427/427
f 432/432/432 431/431/431 430/430/430
f 435/435/435 434/434/434 433/433/433
f 438/438/438 437/437/437 436/436/436
f 441/441/441 440/440/440 439/439/439
f 444/444/444 443/443/443 442/442/442
f 447/447/447 446/446/446 445/445/445
f 450/450/450 449/449/449 448/448/448
f 453/453/453 452/452/452 451/451/451
f 456/456/456 455/455/455 454/454/454
f 459/459/459 458/458/458 457/457/457
f 462/462/462 461/461/461 460/460/460
f 465/465/465 464/464/464 463/463/463
f 468/468/468 467/467/467 466/466/466
f 471/471/471 470/470/470 469/469/469
f 474/474/474 473/473/473 472/472/472
f 477/477/477 476/476/476 475/475/475
f 480/480/480 479/479/479 478/478/478
f 483/483/483 482/482/482 481/481/481
f 486/486/486 485/485/485 484/484/484
f 489/489/489 488/488/488 487/487/487
f 492/492/492 491/491/491 490/490/490
f 495/495/495 494/494/494 493/493/493
f 498/498/498 497/497/497 496/496/496
f 501/501/501 500/500/500 499/499/499
f 504/504/504 503/503/503 502/502/502
f 507/507/507 506/506/506 505/505/505
f 510/510/510 509/509/509 508/508/508
f 513/513/513 512/512/512 511/511/511
f 516/516/516 515/515/515 514/514/514
f 519/519/519 518/518/518 517/517/517
f 522/522/522 521/521/521 520/520/520
f 525/525/525 524/524/524 523/523/523
f 528/528/528 527/527/527 526/526/526
f 531/531/531 530/530/530 529/529/529
f 534/534/534 533/533/533 532/532/532
f 537/537/537 536/536/536 535/535/535
f 540/540/540 539/539/539 538/538/538
f 543/543/543 542/542/542 541/541/541
f 546/546/546 545/545/545 544/544/544
f 549/549/549 548/548/548 547/547/547
f 552/552/552 551/551/551 550/550/550
f 555/555/555 554/554/554 553/553/553
f 558/558/558 557/557/557 556/556/556
f 561/561/561 560/560/560 559/559/559
f 564/564/564 563/563/563 562/562/562
f 567/567/567 566/566/566 565/565/565
f 570/570/570 569/569/569 568/568/568
f 573/573/573 572/572/572 571/571/571
f 576/576/576 575/575/575 574/574/574
f 579/579/579 578/578/578 577/577/577
f 582/582/582 581/581/581 580/580/580
f 585/585/585 584/584/584 583/583/583
f 588/588/588 587/587/587 586/586/586
f 591/591/591 590/590/590 589/589/589
f 594/594/594 593/593/593 592/592/592
f 597/597/597 596/596/596 595/595/595
f 600/600/600 599/599/599 598/598/598
f 603/603/603 602/602/602 601/601/601
f 606/606/606 605/605/605 604/604/604
f 609/609/609 608/608/608 607/607/607
f 612/612/612 611/611/611 610/610/610
f 615/615/615 614/614/614 613/613/613
f 618/618/618 617/617/617 616/616/616
f 621/621/621 620/620/620 619/619/619
f 624/624/624 623/623/623 622/622/622
f 627/627/627 626/626/626 625/625/625
f 630/630/630 629/629/629 628/628/628
f 633/633/633 632/632/632 631/631/631
f 636/636/636 635/635/635 634/634/634
f 639/639/639 638/638/638 637/637/637
f 642/642/642 641/641/641 640/640/640
f 645/645/645 644/644/644 643/643/643
f 648/648/648 647/647/647 646/646/646
f 651/651/651 650/650/650 649/649/649
f 654/654/654 653/653/653 652/652/652
f 657/657/657 656/656/656 655/655/655
f 660/660/660 659/659/659 658/658/658
f 663/663/663 662/662/662 661/661/661
f 666/666/666 665/665/665 664/664/664
f 669/669/669 668/668/668 667/667/667
f 672/672/672 671/671/671 670/670/670
f 675/675/675 674/674/674 673/673/673
f 678/678/678 677/677/677 676/676/676
f 681/681/681 680/680/680 679/679/679
f 684/684/684 683/683/683 682/682/682
f 687/687/687 686/686/686 685/685/685
f 690/690/690 689/689/689 688/688/688
f 693/693/693 692/692/692 691/691/691
f 696/696/696 695/695/695 694/694/694
f 699/699/699 698/698/698 697/697/697
f 702/702/702 701/701/701 700/700/700
f 705/705/705 704/704/704 703/703/703
f 708/708/708 707/707/707 706/706/706
f 711/711/711 710/710/710 709/709/709
f 714/714/714 713/713/713 712/712/712
f 717/717/717 716/716/716 715/715/715
f 720/720/720 719/719/719 718/718/718
f 723/723/723 722/722/722 721/721/721
f 726/726/726 725/725/725 724/724/724
f 729/729/729 728/728/728 727/727/727
f 732/732/732 731/731/731 730/730/730
f 735/735/735 734/734/734 733/733/733
f 738/738/738 737/737/737 736/736/736
f 737/737/737 738/738/738 739/739/739
f 742/742/742 741/741/741 740/740/740
f 741/741/741 742/742/742 743/743/743
f 746/746/746 745/745/745 744/744/744
f 745/745/745 746/746/746 747/747/747
f 750/750/750 749/749/749 748/748/748
f 749/749/749 750/750/750 751/751/751
f 754/754/754 753/753/753 752/752/752
f 753/753/753 754/754/754 755/755/755
f 758/758/758 757/757/757 756/756/756
f 757/757/757 758/758/758 759/759/759
f 762/762/762 761/761/761 760/760/760
f 761/761/761 762/762/762 763/763/763
f 766/766/766 765/765/765 764/764/764
f 765/765/765 766/766/766 767/767/767
f 770/770/770 769/769/769 768/768/768
f 769/769/769 770/770/770 771/771/771
f 774/774/774 773/773/773 772/772/772
f 773/773/773 774/774/774 775/775/775
f 778/778/778 777/777/777 776/776/776
f 777/777/777 778/778/778 779/779/779
f 782/782/782 781/781/781 780/780/780
f 781/781/781 782/782/782 783/783/783
f 786/786/786 785/785/785 784/784/784
f 785/785/785 786/786/786 787/787/787
f 790/790/790 789/789/789 788/788/788
f 789/789/789 790/790/790 791/791/791
f 794/794/794 793/793/793 792/792/792
f 793/793/793 794/794/794 795/795/795
f 798/798/798 797/797/797 796/796/796
f 797/797/797 798/798/798 799/799/799
f 802/802/802 801/801/801 800/800/800
f 801/801/801 802/802/802 803/803/803
f 806/806/806 805/805/805 804/804/804
f 805/805/805 806/806/806 807/807/807
f 810/810/810 809/809/809 808/808/808
f 809/809/809 810/810/810 811/811/811
f 814/814/814 813/813/813 812/812/812
f 813/813/813 814/814/814 815/815/815
f 818/818/818 817/817/817 816/816/816
f 817/817/817 818/818/818 819/819/819
f 822/822/822 821/821/821 820/820/820
f 821/821/821 822/822/822 823/823/823
f 826/826/826 825/825/825 824/824/824
f 825/825/825 826/826/826 827/827/827
f 830/830/830 829/829/829 828/828/828
f 829/829/829 830/830/830 831/831/831
f 834/834/834 833/833/833 832/832/832
f 833/833/833 834/834/834 835/835/835
f 838/838/838 837/837/837 836/836/836
f 837/837/837 838/838/838 839/839/839
f 842/842/842 841/841/841 840/840/840
f 841/841/841 842/842/842 843/843/843
f 846/846/846 845/845/845 844/844/844
f 845/845/845 846/846/846 847/847/847
f 850/850/850 849/849/849 848/848/848
f 849/849/849 850/850/850 851/851/851
f 854/854/854 853/853/853 852/852/852
f 853/853/853 854/854/854 855/855/855
f 858/858/858 857/857/857 856/856/856
f 857/857/857 858/858/858 859/859/859
f 862/862/862 861/861/861 860/860/860
f 861/861/861 862/862/862 863/863/863
f 866/866/866 865/865/865 864/864/864
f 865/865/865 866/866/866 867/867/867
f 870/870/870 869/869/869 868/868/868
f 869/869/869 870/870/870 871/871/871
f 874/874/874 873/873/873 872/872/872
f 873/873/873 874/874/874 875/875/875
f 878/878/878 877/877/877 876/876/876
f 877/877/877 878/878/878 879/879/879
f 882/882/882 881/881/881 880/880/880
f 881/881/881 882/882/882 883/883/883
f 886/886/886 885/885/885 884/884/884
f 885/885/885 886/886/886 887/887/887
f 890/890/890 889/889/889 888/888/888
f 889/889/889 890/890/890 891/891/891
f 894/894/894 893/893/893 892/892/892
f 893/893/893 894/894/894 895/895/895
f 898/898/898 897/897/897 896/896/896
f 897/897/897 898/898/898 899/899/899
f 902/902/902 901/901/901 900/900/900
f 901/901/901 902/902/902 903/903/903
f 906/906/906 905/905/905 904/904/904
f 905/905/905 906/906/906 907/907/907
f 910/910/910 909/909/909 908/908/908
f 909/909/909 910/910/910 911/911/911
f 914/914/914 913/913/913 912/912/912
f 913/913/913 914/914/914 915/915/915
f 918/918/918 917/917/917 916/916/916
f 917/917/917 918/918/918 919/919/919
f 922/922/922 921/921/921 920/920/920
f 921/921/921 922/922/922 923/923/923
f 926/926/926 925/925/925 924/924/924
f 925/925/925 926/926/926 927/927/927
f 930/930/930 929/929/929 928/928/928
f 929/929/929 930/930/930 931/931/931
f 934/934/934 933/933/933 932/932/932
f 933/933/933 934/934/934 935/935/935
f 938/938/938 937/937/937 936/936/936
f 937/937/937 938/938/938 939/939/939
f 942/942/942 941/941/941 940/940/940
f 941/941/941 942/942/942 943/943/943
f 946/946/946 945/945/945 944/944/944
f 945/945/945 946/946/946 947/947/947
f 950/950/950 949/949/949 948/948/948
f 949/949/949 950/950/950 951/951/951
f 954/954/954 953/953/953 952/952/952
f 953/953/953 954/954/954 955/955/955
f 958/958/958 957/957/957 956/956/956
f 957/957/957 958/958/958 959/959/959
f 962/962/962 961/961/961 960/960/960
f 961/961/961 962/962/962 963/963/963
f 966/966/966 965/965/965 964/964/964
f 965/965/965 966/966/966 967/967/967
f 970/970/970 969/969/969 968/968/968
f 969/969/969 970/970/970 971/971/971
f 974/974/974 973/973/973 972/972/972
f 973/973/973 974/974/974 975/975/975
f 978/978/978 977/977/977 976/976/976
f 977/977/977 978/978/978 979/979/979
f 982/982/982 981/981/981 980/980/980
f 981/981/981 982/982/982 983/983/983
f 986/986/986 985/985/985 984/984/984
f 985/985/985 986/986/986 987/987/987
f 990/990/990 989/989/989 988/988/988
f 989/989/989 990/990/990 991/991/991
f 994/994/994 993/993/993 992/992/992
f 997/997/997 996/996/996 995/995/995
f 996/996/996 997/997/997 998/998/998
f 995/995/995 996/996/996 997/997/997
f 998/998/998 997/997/997 996/996/996
f 1001/1001/1001 1000/1000/1000 999/999/999
f 1004/1004/1004 1003/1003/1003 1002/1002/1002
f 1007/1007/1007 1006/1006/1006 1005/1005/1005
f 1010/1010/1010 1009/1009/1009 1008/1008/1008
f 1013/1013/1013 1012/1012/1012 1011/1011/1011
f 1012/1012/1012 1013/1013/1013 1014/1014/1014
f 1011/1011/1011 1012/1012/1012 1013/1013/1013
f 1014/1014/1014 1013/1013/1013 1012/1012/1012
f 1017/1017/1017 1016/1016/1016 1015/1015/1015
f 1016/1016/1016 1017/1017/1017 1018/1018/1018
f 1015/1015/1015 1016/1016/1016 1017/1017/1017
f 1018/1018/1018 1017/1017/1017 1016/1016/1016
f 1021/1021/1021 1020/1020/1020 1019/1019/1019
f 1020/1020/1020 1021/1021/1021 1022/1022/1022
f 1019/1019/1019 1020/1020/1020 1021/1021/1021
f 1022/1022/1022 1021/1021/1021 1020/1020/1020
